"1","23","1071","2019-02-07 13:00:00","2019-02-21 23:59:59","1","2","3",
"2","23","1072","2019-02-07 13:00:00","2019-02-21 23:59:59","1","2","3",
"3","23","1073","2019-02-07 13:00:00","2019-02-21 23:59:59","1","2","3",
"4","23","1074","2019-02-07 13:00:00","2019-02-21 23:59:59","1","2","3",
"5","23","1075","2019-02-07 13:00:00","2019-02-21 23:59:59","1","2","3",
"6","23","1076","2019-02-07 13:00:00","2019-02-21 23:59:59","1","2","3",
"7","23","1077","2019-02-07 13:00:00","2019-02-21 23:59:59","1","2","3",
"8","23","1078","2019-02-07 13:00:00","2019-02-21 23:59:59","1","2","3",
"9","23","1079","2019-02-07 13:00:00","2019-02-21 23:59:59","1","2","3",
"10","23","1080","2019-02-07 13:00:00","2019-02-21 23:59:59","1","2","3",
"11","23","1081","2019-02-07 13:00:00","2019-02-21 23:59:59","1","2","3",
"12","23","1082","2019-02-07 13:00:00","2019-02-21 23:59:59","1","2","3",
"13","23","1083","2019-02-07 13:00:00","2019-02-21 23:59:59","1","2","3",
"14","23","1084","2019-02-07 13:00:00","2019-02-21 23:59:59","1","2","3",
"15","23","1055","2019-02-07 13:00:00","2019-02-21 23:59:59","4","5","6",
"16","23","1056","2019-02-07 13:00:00","2019-02-21 23:59:59","4","5","6",
"17","23","1057","2019-02-07 13:00:00","2019-02-21 23:59:59","4","5","6",
"18","23","1058","2019-02-07 13:00:00","2019-02-21 23:59:59","4","5","6",
"19","23","1059","2019-02-07 13:00:00","2019-02-21 23:59:59","4","5","6",
"20","23","1060","2019-02-07 13:00:00","2019-02-21 23:59:59","4","5","6",
"21","23","1061","2019-02-07 13:00:00","2019-02-21 23:59:59","4","5","6",
"22","23","1062","2019-02-07 13:00:00","2019-02-21 23:59:59","4","5","6",
"23","23","1063","2019-02-07 13:00:00","2019-02-21 23:59:59","4","5","6",
"24","23","1064","2019-02-07 13:00:00","2019-02-21 23:59:59","4","5","6",
"25","23","1065","2019-02-07 13:00:00","2019-02-21 23:59:59","4","5","6",
"26","23","1066","2019-02-07 13:00:00","2019-02-21 23:59:59","4","5","6",
"27","23","1067","2019-02-07 13:00:00","2019-02-21 23:59:59","4","5","6",
"28","23","1068","2019-02-07 13:00:00","2019-02-21 23:59:59","4","5","6",
"29","23","1069","2019-02-07 13:00:00","2019-02-21 23:59:59","4","5","6",
"30","24","1071","2019-02-07 13:00:00","2019-02-21 23:59:59","7","8","9",
"31","24","1072","2019-02-07 13:00:00","2019-02-21 23:59:59","7","8","9",
"32","24","1073","2019-02-07 13:00:00","2019-02-21 23:59:59","7","8","9",
"33","24","1074","2019-02-07 13:00:00","2019-02-21 23:59:59","7","8","9",
"34","24","1075","2019-02-07 13:00:00","2019-02-21 23:59:59","7","8","9",
"35","24","1076","2019-02-07 13:00:00","2019-02-21 23:59:59","7","8","9",
"36","24","1077","2019-02-07 13:00:00","2019-02-21 23:59:59","7","8","9",
"37","24","1078","2019-02-07 13:00:00","2019-02-21 23:59:59","7","8","9",
"38","24","1079","2019-02-07 13:00:00","2019-02-21 23:59:59","7","8","9",
"39","24","1080","2019-02-07 13:00:00","2019-02-21 23:59:59","7","8","9",
"40","24","1081","2019-02-07 13:00:00","2019-02-21 23:59:59","7","8","9",
"41","24","1082","2019-02-07 13:00:00","2019-02-21 23:59:59","7","8","9",
"42","24","1083","2019-02-07 13:00:00","2019-02-21 23:59:59","7","8","9",
"43","24","1084","2019-02-07 13:00:00","2019-02-21 23:59:59","7","8","9",
"44","24","1055","2019-02-07 13:00:00","2019-02-21 23:59:59","10","11","12",
"45","24","1056","2019-02-07 13:00:00","2019-02-21 23:59:59","10","11","12",
"46","24","1057","2019-02-07 13:00:00","2019-02-21 23:59:59","10","11","12",
"47","24","1058","2019-02-07 13:00:00","2019-02-21 23:59:59","10","11","12",
"48","24","1059","2019-02-07 13:00:00","2019-02-21 23:59:59","10","11","12",
"49","24","1060","2019-02-07 13:00:00","2019-02-21 23:59:59","10","11","12",
"50","24","1061","2019-02-07 13:00:00","2019-02-21 23:59:59","10","11","12",
"51","24","1062","2019-02-07 13:00:00","2019-02-21 23:59:59","10","11","12",
"52","24","1063","2019-02-07 13:00:00","2019-02-21 23:59:59","10","11","12",
"53","24","1064","2019-02-07 13:00:00","2019-02-21 23:59:59","10","11","12",
"54","24","1065","2019-02-07 13:00:00","2019-02-21 23:59:59","10","11","12",
"55","24","1066","2019-02-07 13:00:00","2019-02-21 23:59:59","10","11","12",
"56","24","1067","2019-02-07 13:00:00","2019-02-21 23:59:59","10","11","12",
"57","24","1068","2019-02-07 13:00:00","2019-02-21 23:59:59","10","11","12",
"58","24","1069","2019-02-07 13:00:00","2019-02-21 23:59:59","10","11","12",
"59","21","1104","2019-02-14 13:00:00","2019-02-21 12:59:59","16","17","18",
"60","21","1105","2019-02-14 13:00:00","2019-02-21 12:59:59","16","17","18",
"61","21","1106","2019-02-14 13:00:00","2019-02-21 12:59:59","16","17","18",
"62","21","1107","2019-02-14 13:00:00","2019-02-21 12:59:59","16","17","18",
"63","21","1108","2019-02-14 13:00:00","2019-02-21 12:59:59","16","17","18",
"64","21","1109","2019-02-14 13:00:00","2019-02-21 12:59:59","16","17","18",
"65","21","1110","2019-02-14 13:00:00","2019-02-21 12:59:59","16","17","18",
"66","21","1111","2019-02-14 13:00:00","2019-02-21 12:59:59","16","17","18",
"67","21","1112","2019-02-14 13:00:00","2019-02-21 12:59:59","16","17","18",
"68","21","1113","2019-02-14 13:00:00","2019-02-21 12:59:59","16","17","18",
"69","21","1114","2019-02-14 13:00:00","2019-02-21 12:59:59","16","17","18",
"70","21","1115","2019-02-14 13:00:00","2019-02-21 12:59:59","16","17","18",
"71","21","1116","2019-02-14 13:00:00","2019-02-21 12:59:59","16","17","18",
"72","21","1117","2019-02-14 13:00:00","2019-02-21 12:59:59","16","17","18",
"73","22","1104","2019-02-14 13:00:00","2019-02-21 12:59:59","13","14","15",
"74","22","1105","2019-02-14 13:00:00","2019-02-21 12:59:59","13","14","15",
"75","22","1106","2019-02-14 13:00:00","2019-02-21 12:59:59","13","14","15",
"76","22","1107","2019-02-14 13:00:00","2019-02-21 12:59:59","13","14","15",
"77","22","1108","2019-02-14 13:00:00","2019-02-21 12:59:59","13","14","15",
"78","22","1109","2019-02-14 13:00:00","2019-02-21 12:59:59","13","14","15",
"79","22","1110","2019-02-14 13:00:00","2019-02-21 12:59:59","13","14","15",
"80","22","1111","2019-02-14 13:00:00","2019-02-21 12:59:59","13","14","15",
"81","22","1112","2019-02-14 13:00:00","2019-02-21 12:59:59","13","14","15",
"82","22","1113","2019-02-14 13:00:00","2019-02-21 12:59:59","13","14","15",
"83","22","1114","2019-02-14 13:00:00","2019-02-21 12:59:59","13","14","15",
"84","22","1115","2019-02-14 13:00:00","2019-02-21 12:59:59","13","14","15",
"85","22","1116","2019-02-14 13:00:00","2019-02-21 12:59:59","13","14","15",
"86","22","1117","2019-02-14 13:00:00","2019-02-21 12:59:59","13","14","15",
"87","21","1104","2019-02-21 13:00:00","2019-02-28 03:59:59","25","26","27",
"88","21","1105","2019-02-21 13:00:00","2019-02-28 03:59:59","25","26","27",
"89","21","1106","2019-02-21 13:00:00","2019-02-28 03:59:59","25","26","27",
"90","21","1107","2019-02-21 13:00:00","2019-02-28 03:59:59","25","26","27",
"91","21","1108","2019-02-21 13:00:00","2019-02-28 03:59:59","25","26","27",
"92","21","1109","2019-02-21 13:00:00","2019-02-28 03:59:59","25","26","27",
"93","21","1110","2019-02-21 13:00:00","2019-02-28 03:59:59","25","26","27",
"94","21","1111","2019-02-21 13:00:00","2019-02-28 03:59:59","25","26","27",
"95","21","1112","2019-02-21 13:00:00","2019-02-28 03:59:59","25","26","27",
"96","21","1113","2019-02-21 13:00:00","2019-02-28 03:59:59","25","26","27",
"97","21","1114","2019-02-21 13:00:00","2019-02-28 03:59:59","25","26","27",
"98","21","1115","2019-02-21 13:00:00","2019-02-28 03:59:59","25","26","27",
"99","21","1116","2019-02-21 13:00:00","2019-02-28 03:59:59","25","26","27",
"100","21","1117","2019-02-21 13:00:00","2019-02-28 03:59:59","25","26","27",
"101","21","1118","2019-02-21 13:00:00","2019-02-28 03:59:59","25","26","27",
"102","21","1119","2019-02-21 13:00:00","2019-02-28 03:59:59","25","26","27",
"103","21","34","2019-02-21 13:00:00","2019-02-28 03:59:59","28","29","30",
"104","22","1104","2019-02-21 13:00:00","2019-02-28 03:59:59","19","20","21",
"105","22","1105","2019-02-21 13:00:00","2019-02-28 03:59:59","19","20","21",
"106","22","1106","2019-02-21 13:00:00","2019-02-28 03:59:59","19","20","21",
"107","22","1107","2019-02-21 13:00:00","2019-02-28 03:59:59","19","20","21",
"108","22","1108","2019-02-21 13:00:00","2019-02-28 03:59:59","19","20","21",
"109","22","1109","2019-02-21 13:00:00","2019-02-28 03:59:59","19","20","21",
"110","22","1110","2019-02-21 13:00:00","2019-02-28 03:59:59","19","20","21",
"111","22","1111","2019-02-21 13:00:00","2019-02-28 03:59:59","19","20","21",
"112","22","1112","2019-02-21 13:00:00","2019-02-28 03:59:59","19","20","21",
"113","22","1113","2019-02-21 13:00:00","2019-02-28 03:59:59","19","20","21",
"114","22","1114","2019-02-21 13:00:00","2019-02-28 03:59:59","19","20","21",
"115","22","1115","2019-02-21 13:00:00","2019-02-28 03:59:59","19","20","21",
"116","22","1116","2019-02-21 13:00:00","2019-02-28 03:59:59","19","20","21",
"117","22","1117","2019-02-21 13:00:00","2019-02-28 03:59:59","19","20","21",
"118","22","1118","2019-02-21 13:00:00","2019-02-28 03:59:59","19","20","21",
"119","22","1119","2019-02-21 13:00:00","2019-02-28 03:59:59","19","20","21",
"120","22","34","2019-02-21 13:00:00","2019-02-28 03:59:59","22","23","24",
"121","21","1049","2019-02-28 13:00:00","2019-03-07 12:59:59","25","26","27",
"122","21","1175","2019-02-28 13:00:00","2019-03-07 12:59:59","25","26","27",
"123","21","158","2019-02-28 13:00:00","2019-03-07 12:59:59","28","29","30",
"124","21","85","2019-02-28 13:00:00","2019-03-07 12:59:59","28","29","30",
"125","21","226","2019-02-28 13:00:00","2019-03-07 12:59:59","28","29","30",
"126","21","15","2019-02-28 13:00:00","2019-03-07 12:59:59","28","29","30",
"127","21","300","2019-02-28 13:00:00","2019-03-07 12:59:59","28","29","30",
"128","21","192","2019-02-28 13:00:00","2019-03-07 12:59:59","28","29","30",
"129","21","110","2019-02-28 13:00:00","2019-03-07 12:59:59","28","29","30",
"130","21","268","2019-02-28 13:00:00","2019-03-07 12:59:59","28","29","30",
"131","21","49","2019-02-28 13:00:00","2019-03-07 12:59:59","28","29","30",
"132","21","1152","2019-02-28 13:00:00","2019-03-07 12:59:59","28","29","30",
"133","21","1153","2019-02-28 13:00:00","2019-03-07 12:59:59","28","29","30",
"134","21","1154","2019-02-28 13:00:00","2019-03-07 12:59:59","28","29","30",
"135","21","1155","2019-02-28 13:00:00","2019-03-07 12:59:59","28","29","30",
"136","21","1156","2019-02-28 13:00:00","2019-03-07 12:59:59","28","29","30",
"137","21","971","2019-02-28 13:00:00","2019-03-07 12:59:59","28","29","30",
"138","22","1049","2019-02-28 13:00:00","2019-03-07 12:59:59","19","20","21",
"139","22","1175","2019-02-28 13:00:00","2019-03-07 12:59:59","19","20","21",
"140","22","158","2019-02-28 13:00:00","2019-03-07 12:59:59","22","23","24",
"141","22","85","2019-02-28 13:00:00","2019-03-07 12:59:59","22","23","24",
"142","22","226","2019-02-28 13:00:00","2019-03-07 12:59:59","22","23","24",
"143","22","15","2019-02-28 13:00:00","2019-03-07 12:59:59","22","23","24",
"144","22","300","2019-02-28 13:00:00","2019-03-07 12:59:59","22","23","24",
"145","22","192","2019-02-28 13:00:00","2019-03-07 12:59:59","22","23","24",
"146","22","110","2019-02-28 13:00:00","2019-03-07 12:59:59","22","23","24",
"147","22","268","2019-02-28 13:00:00","2019-03-07 12:59:59","22","23","24",
"148","22","49","2019-02-28 13:00:00","2019-03-07 12:59:59","22","23","24",
"149","22","1152","2019-02-28 13:00:00","2019-03-07 12:59:59","22","23","24",
"150","22","1153","2019-02-28 13:00:00","2019-03-07 12:59:59","22","23","24",
"151","22","1154","2019-02-28 13:00:00","2019-03-07 12:59:59","22","23","24",
"152","22","1155","2019-02-28 13:00:00","2019-03-07 12:59:59","22","23","24",
"153","22","1156","2019-02-28 13:00:00","2019-03-07 12:59:59","22","23","24",
"154","22","971","2019-02-28 13:00:00","2019-03-07 12:59:59","22","23","24",
"155","21","1158","2019-03-14 13:00:00","2019-03-27 03:59:59","25","26","27",
"156","21","1159","2019-03-14 13:00:00","2019-03-27 03:59:59","25","26","27",
"157","21","1160","2019-03-14 13:00:00","2019-03-27 03:59:59","25","26","27",
"158","21","1161","2019-03-14 13:00:00","2019-03-27 03:59:59","25","26","27",
"159","21","1162","2019-03-14 13:00:00","2019-03-27 03:59:59","25","26","27",
"160","21","1163","2019-03-14 13:00:00","2019-03-27 03:59:59","25","26","27",
"161","21","1164","2019-03-14 13:00:00","2019-03-27 03:59:59","25","26","27",
"162","21","1165","2019-03-14 13:00:00","2019-03-27 03:59:59","25","26","27",
"163","21","1166","2019-03-14 13:00:00","2019-03-27 03:59:59","25","26","27",
"164","21","1167","2019-03-14 13:00:00","2019-03-27 03:59:59","25","26","27",
"165","21","1168","2019-03-14 13:00:00","2019-03-27 03:59:59","25","26","27",
"166","21","1169","2019-03-14 13:00:00","2019-03-27 03:59:59","25","26","27",
"167","21","1170","2019-03-14 13:00:00","2019-03-27 03:59:59","25","26","27",
"168","21","1171","2019-03-14 13:00:00","2019-03-27 03:59:59","25","26","27",
"169","21","1190","2019-03-14 13:00:00","2019-03-27 03:59:59","28","29","30",
"170","21","1191","2019-03-14 13:00:00","2019-03-27 03:59:59","28","29","30",
"171","21","1192","2019-03-14 13:00:00","2019-03-27 03:59:59","28","29","30",
"172","21","1193","2019-03-14 13:00:00","2019-03-27 03:59:59","28","29","30",
"173","21","1194","2019-03-14 13:00:00","2019-03-27 03:59:59","28","29","30",
"174","21","1195","2019-03-14 13:00:00","2019-03-27 03:59:59","28","29","30",
"175","21","1196","2019-03-14 13:00:00","2019-03-27 03:59:59","28","29","30",
"176","21","1197","2019-03-14 13:00:00","2019-03-27 03:59:59","28","29","30",
"177","21","1198","2019-03-14 13:00:00","2019-03-27 03:59:59","28","29","30",
"178","21","1199","2019-03-14 13:00:00","2019-03-27 03:59:59","28","29","30",
"179","21","1200","2019-03-14 13:00:00","2019-03-27 03:59:59","28","29","30",
"180","21","1201","2019-03-14 13:00:00","2019-03-27 03:59:59","28","29","30",
"181","21","1202","2019-03-14 13:00:00","2019-03-27 03:59:59","28","29","30",
"182","21","1203","2019-03-14 13:00:00","2019-03-27 03:59:59","28","29","30",
"183","21","1204","2019-03-14 13:00:00","2019-03-27 03:59:59","28","29","30",
"184","22","1158","2019-03-14 13:00:00","2019-03-27 03:59:59","19","20","21",
"185","22","1159","2019-03-14 13:00:00","2019-03-27 03:59:59","19","20","21",
"186","22","1160","2019-03-14 13:00:00","2019-03-27 03:59:59","19","20","21",
"187","22","1161","2019-03-14 13:00:00","2019-03-27 03:59:59","19","20","21",
"188","22","1162","2019-03-14 13:00:00","2019-03-27 03:59:59","19","20","21",
"189","22","1163","2019-03-14 13:00:00","2019-03-27 03:59:59","19","20","21",
"190","22","1164","2019-03-14 13:00:00","2019-03-27 03:59:59","19","20","21",
"191","22","1165","2019-03-14 13:00:00","2019-03-27 03:59:59","19","20","21",
"192","22","1166","2019-03-14 13:00:00","2019-03-27 03:59:59","19","20","21",
"193","22","1167","2019-03-14 13:00:00","2019-03-27 03:59:59","19","20","21",
"194","22","1168","2019-03-14 13:00:00","2019-03-27 03:59:59","19","20","21",
"195","22","1169","2019-03-14 13:00:00","2019-03-27 03:59:59","19","20","21",
"196","22","1170","2019-03-14 13:00:00","2019-03-27 03:59:59","19","20","21",
"197","22","1171","2019-03-14 13:00:00","2019-03-27 03:59:59","19","20","21",
"198","22","1190","2019-03-14 13:00:00","2019-03-27 03:59:59","22","23","24",
"199","22","1191","2019-03-14 13:00:00","2019-03-27 03:59:59","22","23","24",
"200","22","1192","2019-03-14 13:00:00","2019-03-27 03:59:59","22","23","24",
"201","22","1193","2019-03-14 13:00:00","2019-03-27 03:59:59","22","23","24",
"202","22","1194","2019-03-14 13:00:00","2019-03-27 03:59:59","22","23","24",
"203","22","1195","2019-03-14 13:00:00","2019-03-27 03:59:59","22","23","24",
"204","22","1196","2019-03-14 13:00:00","2019-03-27 03:59:59","22","23","24",
"205","22","1197","2019-03-14 13:00:00","2019-03-27 03:59:59","22","23","24",
"206","22","1198","2019-03-14 13:00:00","2019-03-27 03:59:59","22","23","24",
"207","22","1199","2019-03-14 13:00:00","2019-03-27 03:59:59","22","23","24",
"208","22","1200","2019-03-14 13:00:00","2019-03-27 03:59:59","22","23","24",
"209","22","1201","2019-03-14 13:00:00","2019-03-27 03:59:59","22","23","24",
"210","22","1202","2019-03-14 13:00:00","2019-03-27 03:59:59","22","23","24",
"211","22","1203","2019-03-14 13:00:00","2019-03-27 03:59:59","22","23","24",
"212","22","1204","2019-03-14 13:00:00","2019-03-27 03:59:59","22","23","24",
"213","21","1174","2019-03-20 13:00:00","2019-03-27 03:59:59","25","26","27",
"214","21","1173","2019-03-20 13:00:00","2019-03-27 03:59:59","25","26","27",
"215","21","1205","2019-03-20 13:00:00","2019-03-27 03:59:59","25","26","27",
"216","22","1174","2019-03-20 13:00:00","2019-03-27 03:59:59","19","20","21",
"217","22","1173","2019-03-20 13:00:00","2019-03-27 03:59:59","19","20","21",
"218","22","1205","2019-03-20 13:00:00","2019-03-27 03:59:59","19","20","21",
"219","21","1037","2019-04-18 13:00:00","2019-04-25 03:59:59","25","26","27",
"220","21","1043","2019-04-18 13:00:00","2019-04-25 03:59:59","25","26","27",
"221","21","1210","2019-04-18 13:00:00","2019-04-25 03:59:59","25","26","27",
"222","21","1242","2019-04-18 13:00:00","2019-04-25 03:59:59","28","29","30",
"223","21","1243","2019-04-18 13:00:00","2019-04-25 03:59:59","28","29","30",
"224","21","1244","2019-04-18 13:00:00","2019-04-25 03:59:59","28","29","30",
"225","21","1245","2019-04-18 13:00:00","2019-04-25 03:59:59","28","29","30",
"226","21","1246","2019-04-18 13:00:00","2019-04-25 03:59:59","28","29","30",
"227","21","1247","2019-04-18 13:00:00","2019-04-25 03:59:59","28","29","30",
"228","21","1248","2019-04-18 13:00:00","2019-04-25 03:59:59","28","29","30",
"229","21","1249","2019-04-18 13:00:00","2019-04-25 03:59:59","28","29","30",
"230","21","1250","2019-04-18 13:00:00","2019-04-25 03:59:59","28","29","30",
"231","21","1251","2019-04-18 13:00:00","2019-04-25 03:59:59","28","29","30",
"232","21","1252","2019-04-18 13:00:00","2019-04-25 03:59:59","28","29","30",
"233","21","1253","2019-04-18 13:00:00","2019-04-25 03:59:59","28","29","30",
"234","21","1254","2019-04-18 13:00:00","2019-04-25 03:59:59","28","29","30",
"235","21","1255","2019-04-18 13:00:00","2019-04-25 03:59:59","28","29","30",
"236","21","1256","2019-04-18 13:00:00","2019-04-25 03:59:59","28","29","30",
"237","21","1257","2019-04-18 13:00:00","2019-04-25 03:59:59","28","29","30",
"238","22","1037","2019-04-18 13:00:00","2019-04-25 03:59:59","19","20","21",
"239","22","1043","2019-04-18 13:00:00","2019-04-25 03:59:59","19","20","21",
"240","22","1210","2019-04-18 13:00:00","2019-04-25 03:59:59","19","20","21",
"241","22","1242","2019-04-18 13:00:00","2019-04-25 03:59:59","22","23","24",
"242","22","1243","2019-04-18 13:00:00","2019-04-25 03:59:59","22","23","24",
"243","22","1244","2019-04-18 13:00:00","2019-04-25 03:59:59","22","23","24",
"244","22","1245","2019-04-18 13:00:00","2019-04-25 03:59:59","22","23","24",
"245","22","1246","2019-04-18 13:00:00","2019-04-25 03:59:59","22","23","24",
"246","22","1247","2019-04-18 13:00:00","2019-04-25 03:59:59","22","23","24",
"247","22","1248","2019-04-18 13:00:00","2019-04-25 03:59:59","22","23","24",
"248","22","1249","2019-04-18 13:00:00","2019-04-25 03:59:59","22","23","24",
"249","22","1250","2019-04-18 13:00:00","2019-04-25 03:59:59","22","23","24",
"250","22","1251","2019-04-18 13:00:00","2019-04-25 03:59:59","22","23","24",
"251","22","1252","2019-04-18 13:00:00","2019-04-25 03:59:59","22","23","24",
"252","22","1253","2019-04-18 13:00:00","2019-04-25 03:59:59","22","23","24",
"253","22","1254","2019-04-18 13:00:00","2019-04-25 03:59:59","22","23","24",
"254","22","1255","2019-04-18 13:00:00","2019-04-25 03:59:59","22","23","24",
"255","22","1256","2019-04-18 13:00:00","2019-04-25 03:59:59","22","23","24",
"256","22","1257","2019-04-18 13:00:00","2019-04-25 03:59:59","22","23","24",
"257","7","1070","2019-05-02 13:30:00","2019-05-09 03:59:59","31","32","33",
"258","7","966","2019-05-02 13:30:00","2019-05-09 03:59:59","31","32","33",
"259","7","967","2019-05-02 13:30:00","2019-05-09 03:59:59","31","32","33",
"260","7","1302","2019-05-09 13:30:00","2019-05-22 23:59:59","31","32","33",
"261","7","1301","2019-05-09 13:30:00","2019-05-16 03:59:59","31","32","33",
"262","7","1303","2019-05-09 13:30:00","2019-05-16 03:59:59","31","32","33",
"263","7","1299","2019-05-16 13:30:00","2019-05-22 23:59:59","31","32","33",
"264","7","343","2019-05-16 13:30:00","2019-05-22 23:59:59","31","32","33",
"265","7","1321","2019-05-23 13:30:00","2019-05-30 03:59:59","31","32","33",
"266","7","1322","2019-05-23 13:30:00","2019-05-30 03:59:59","31","32","33",
"267","7","1333","2019-05-23 13:30:00","2019-05-30 03:59:59","31","32","33",
"268","7","1332","2019-05-23 13:30:00","2019-05-30 03:59:59","31","32","33",
"269","7","1334","2019-05-30 13:30:00","2019-06-07 09:59:59","31","32","33",
"270","7","1335","2019-05-30 13:30:00","2019-06-07 09:59:59","31","32","33",
"271","7","1336","2019-05-30 13:30:00","2019-06-07 09:59:59","31","32","33",
"272","7","1337","2019-05-30 13:30:00","2019-06-07 09:59:59","31","32","33",
"273","7","1338","2019-05-30 13:30:00","2019-06-07 09:59:59","31","32","33",
"274","7","1339","2019-05-30 13:30:00","2019-06-07 09:59:59","31","32","33",
"275","7","1340","2019-05-30 13:30:00","2019-06-07 09:59:59","31","32","33",
"276","7","1341","2019-05-30 13:30:00","2019-06-07 09:59:59","31","32","33",
"277","7","1342","2019-05-30 13:30:00","2019-06-07 09:59:59","31","32","33",
"278","7","1343","2019-05-30 13:30:00","2019-06-07 09:59:59","31","32","33",
"279","7","1344","2019-05-30 13:30:00","2019-06-07 09:59:59","31","32","33",
"280","7","1345","2019-05-30 13:30:00","2019-06-07 09:59:59","31","32","33",
"281","7","1346","2019-05-30 13:30:00","2019-06-07 09:59:59","31","32","33",
"282","7","1347","2019-05-30 13:30:00","2019-06-07 09:59:59","31","32","33",
"283","7","1348","2019-05-30 13:30:00","2019-06-07 09:59:59","31","32","33",
"284","7","1349","2019-06-07 10:30:00","2019-06-13 23:59:59","31","32","33",
"285","7","1326","2019-06-07 10:30:00","2019-06-13 23:59:59","31","32","33",
"286","7","1350","2019-06-14 13:30:00","2019-06-26 03:59:59","31","32","33",
"287","7","1351","2019-06-14 13:30:00","2019-06-26 03:59:59","31","32","33",
"288","7","1352","2019-06-14 13:30:00","2019-06-26 03:59:59","31","32","33",
"289","7","1353","2019-06-14 13:30:00","2019-06-26 03:59:59","31","32","33",
"290","7","1354","2019-06-14 13:30:00","2019-06-26 03:59:59","31","32","33",
"291","7","1355","2019-06-14 13:30:00","2019-06-26 03:59:59","31","32","33",
"292","7","1356","2019-06-14 13:30:00","2019-06-26 03:59:59","31","32","33",
"293","7","1357","2019-06-14 13:30:00","2019-06-26 03:59:59","31","32","33",
"294","7","1358","2019-06-14 13:30:00","2019-06-26 03:59:59","31","32","33",
"295","7","1359","2019-06-14 13:30:00","2019-06-26 03:59:59","31","32","33",
"296","7","1360","2019-06-14 13:30:00","2019-06-26 03:59:59","31","32","33",
"297","7","1361","2019-06-14 13:30:00","2019-06-26 03:59:59","31","32","33",
"298","7","1362","2019-06-14 13:30:00","2019-06-26 03:59:59","31","32","33",
"299","7","1363","2019-06-14 13:30:00","2019-06-26 03:59:59","31","32","33",
"300","7","1364","2019-06-14 13:30:00","2019-06-26 03:59:59","31","32","33",
"301","7","1327","2019-06-20 13:30:00","2019-06-26 03:59:59","31","32","33",
"302","7","1328","2019-06-20 13:30:00","2019-06-26 03:59:59","31","32","33",
"303","7",,"2019-06-26 13:30:00","2019-09-26 13:29:59","31","32","33","4"
"304","7","1585","2019-09-26 13:30:00","2019-10-02 23:59:59","31","32","33",
"305","7","1586","2019-09-26 13:30:00","2019-10-02 23:59:59","31","32","33",
"306","7","1587","2019-09-26 13:30:00","2019-10-02 23:59:59","31","32","33",
"307","7",,"2019-10-03 13:30:00","2019-12-17 13:29:59","31","32","33","4"
"308","7","1596","2019-12-17 13:30:00","2019-12-26 03:59:59","31","32","33",
"309","7","1597","2019-12-17 13:30:00","2019-12-26 03:59:59","31","32","33",
"310","7","1598","2019-12-17 13:30:00","2019-12-26 03:59:59","31","32","33",
"311","7","1599","2019-12-17 13:30:00","2019-12-26 03:59:59","31","32","33",
"312","7","1600","2019-12-17 13:30:00","2019-12-26 03:59:59","31","32","33",
"313","7","1601","2019-12-17 13:30:00","2019-12-26 03:59:59","31","32","33",
"314","7","1602","2019-12-17 13:30:00","2019-12-26 03:59:59","31","32","33",
"315","7","1603","2019-12-17 13:30:00","2019-12-26 03:59:59","31","32","33",
"316","7","1604","2019-12-17 13:30:00","2019-12-26 03:59:59","31","32","33",
"317","7","1605","2019-12-17 13:30:00","2019-12-26 03:59:59","31","32","33",
"318","7","1606","2019-12-17 13:30:00","2019-12-26 03:59:59","31","32","33",
"319","7","1607","2019-12-17 13:30:00","2019-12-26 03:59:59","31","32","33",
"320","7","1608","2019-12-17 13:30:00","2019-12-26 03:59:59","31","32","33",
"321","7","1609","2019-12-17 13:30:00","2019-12-26 03:59:59","31","32","33",
"322","7","1610","2019-12-17 13:30:00","2019-12-26 03:59:59","31","32","33",
"323","7","1611","2019-12-17 13:30:00","2019-12-26 03:59:59","31","32","33",
"324","7","1612","2019-12-17 13:30:00","2019-12-26 03:59:59","31","32","33",
"325","7","1613","2019-12-20 15:00:00","2019-12-26 03:59:59","31","32","33",
"326","7","1615","2019-12-20 15:00:00","2019-12-26 03:59:59","31","32","33",
"327","7","1616","2019-12-20 15:00:00","2019-12-26 03:59:59","31","32","33",
"328","7","1614","2019-12-20 15:00:00","2019-12-26 03:59:59","31","32","33",
"329","7",,"2019-12-26 04:00:00","2020-02-06 13:29:59","31","32","33","4"
"330","7","1865","2020-02-06 13:30:00","2020-02-12 23:59:59","31","32","33",
"331","7","1866","2020-02-06 13:30:00","2020-02-12 23:59:59","31","32","33",
"332","7","1935","2020-02-06 13:30:00","2020-02-12 23:59:59","31","32","33",
"333","7","1925","2020-02-06 13:30:00","2020-02-12 23:59:59","31","32","33",
"334","7","1846","2020-02-11 00:00:00","2020-02-12 23:59:59","31","32","33",
"335","7",,"2020-02-13 00:00:00","2020-03-05 13:29:59","31","32","33","4"
"336","28","2002","2020-03-05 13:30:00","2020-03-17 03:59:59","34","35","36",
"337","28","2003","2020-03-05 13:30:00","2020-03-17 03:59:59","34","35","36",
"338","28","2004","2020-03-05 13:30:00","2020-03-17 03:59:59","34","35","36",
"339","28","2006","2020-03-05 13:30:00","2020-03-17 03:59:59","34","35","36",
"340","28","2005","2020-03-05 13:30:00","2020-03-17 03:59:59","34","35","36",
"341","28","2007","2020-03-05 13:30:00","2020-03-17 03:59:59","34","35","36",
"342","28","2008","2020-03-05 13:30:00","2020-03-17 03:59:59","34","35","36",
"343","28","2009","2020-03-05 13:30:00","2020-03-17 03:59:59","34","35","36",
"344","28","2037","2020-03-05 13:30:00","2020-03-17 03:59:59","34","35","36",
"345","7","2002","2020-03-05 13:30:00","2020-03-17 03:59:59","31","32","33",
"346","7","2003","2020-03-05 13:30:00","2020-03-17 03:59:59","31","32","33",
"347","7","2004","2020-03-05 13:30:00","2020-03-17 03:59:59","31","32","33",
"348","7","2006","2020-03-05 13:30:00","2020-03-17 03:59:59","31","32","33",
"349","7","2005","2020-03-05 13:30:00","2020-03-17 03:59:59","31","32","33",
"350","7","2007","2020-03-05 13:30:00","2020-03-17 03:59:59","31","32","33",
"351","7","2008","2020-03-05 13:30:00","2020-03-17 03:59:59","31","32","33",
"352","7","2009","2020-03-05 13:30:00","2020-03-17 03:59:59","31","32","33",
"353","7","2037","2020-03-05 13:30:00","2020-03-17 03:59:59","31","32","33",
"354","7","1172","2020-03-05 13:30:00","2020-03-17 03:59:59","31","32","33",
"355","7","1946","2020-03-05 13:30:00","2020-03-17 03:59:59","31","32","33",
"356","7","1947","2020-03-05 13:30:00","2020-03-17 03:59:59","31","32","33",
"357","7","1936","2020-03-05 13:30:00","2020-03-08 03:59:59","31","32","33",
"358","7","1939","2020-04-14 13:30:00","2020-04-20 23:59:59","31","32","33",
"359","7","2073","2020-04-14 13:30:00","2020-04-20 23:59:59","31","32","33",
"360","7","1941","2020-04-14 13:30:00","2020-04-20 23:59:59","31","32","33",
"361","7","2074","2020-04-14 13:30:00","2020-04-20 23:59:59","31","32","33",
"362","7","1922","2020-04-30 11:30:00","2020-05-07 03:59:59","31","32","33",
"363","7","1663","2020-04-30 11:30:00","2020-05-18 03:59:59","31","32","33",
"364","7","2053","2020-05-05 00:00:00","2020-05-18 03:59:59","31","32","33",
"365","7",,"2020-05-18 04:00:00","2020-05-18 13:29:59","31","32","33","4"
"366","7","2015","2020-05-18 13:30:00","2020-05-23 17:59:59","31","32","33",
"367","7","2018","2020-05-18 13:30:00","2020-05-23 17:59:59","31","32","33",
"368","7","2020","2020-05-18 13:30:00","2020-05-23 17:59:59","31","32","33",
"369","7","2021","2020-05-18 13:30:00","2020-05-23 17:59:59","31","32","33",
"370","7","2024","2020-05-18 13:30:00","2020-05-23 17:59:59","31","32","33",
"371","7","2026","2020-05-18 13:30:00","2020-05-23 17:59:59","31","32","33",
"372","7","2027","2020-05-18 13:30:00","2020-05-23 17:59:59","31","32","33",
"373","7","2028","2020-05-18 13:30:00","2020-05-23 17:59:59","31","32","33",
"374","7","2031","2020-05-18 13:30:00","2020-05-23 17:59:59","31","32","33",
"375","7","2016","2020-05-23 18:00:00","2020-05-28 12:59:59","31","32","33",
"376","7","2017","2020-05-23 18:00:00","2020-05-28 12:59:59","31","32","33",
"377","7","2019","2020-05-23 18:00:00","2020-05-28 12:59:59","31","32","33",
"378","7","2022","2020-05-23 18:00:00","2020-05-28 12:59:59","31","32","33",
"379","7","2023","2020-05-23 18:00:00","2020-05-28 12:59:59","31","32","33",
"380","7","2025","2020-05-23 18:00:00","2020-05-28 12:59:59","31","32","33",
"381","7","2029","2020-05-23 18:00:00","2020-05-28 12:59:59","31","32","33",
"382","7","2030","2020-05-23 18:00:00","2020-05-28 12:59:59","31","32","33",
"383","7","2032","2020-05-23 18:00:00","2020-05-28 12:59:59","31","32","33",
"384","7","2055","2020-05-25 00:00:00","2020-05-28 12:59:59","31","32","33",
"385","7",,"2020-05-28 13:00:00","2020-06-04 13:29:59","31","32","33","4"
"386","7","2055","2020-06-04 13:30:00","2020-06-08 03:59:59","31","32","33",
"387","7","1758","2020-06-04 13:30:00","2020-06-11 03:59:59","31","32","33",
"388","7","2098","2020-06-04 13:30:00","2020-06-11 03:59:59","31","32","33",
"389","7","2099","2020-06-04 13:30:00","2020-06-11 03:59:59","31","32","33",
"390","7","2100","2020-06-04 13:30:00","2020-06-11 03:59:59","31","32","33",
"391","7","2067","2020-06-06 00:00:00","2020-06-11 03:59:59","31","32","33",
"392","7",,"2020-06-11 04:00:00","2020-08-18 11:14:59","31","32","33","4"
"393","29","2212","2020-07-23 18:00:00","2020-07-30 23:59:59","37","38","39",
"394","29","2213","2020-07-23 18:00:00","2020-07-30 23:59:59","37","38","39",
"395","29","2214","2020-07-23 18:00:00","2020-07-30 23:59:59","37","38","39",
"396","29","2215","2020-07-23 18:00:00","2020-07-30 23:59:59","37","38","39",
"397","29","2216","2020-07-23 18:00:00","2020-07-30 23:59:59","37","38","39",
"398","29","2217","2020-07-23 18:00:00","2020-07-30 23:59:59","37","38","39",
"399","29","2218","2020-07-23 18:00:00","2020-07-30 23:59:59","37","38","39",
"400","29","2219","2020-07-23 18:00:00","2020-07-30 23:59:59","37","38","39",
"401","29","2220","2020-07-23 18:00:00","2020-07-30 23:59:59","37","38","39",
"402","29","2221","2020-07-23 18:00:00","2020-07-30 23:59:59","37","38","39",
"403","29","2222","2020-07-23 18:00:00","2020-07-30 23:59:59","37","38","39",
"404","29","2223","2020-07-23 18:00:00","2020-07-30 23:59:59","37","38","39",
"405","29","2224","2020-07-23 18:00:00","2020-07-30 23:59:59","37","38","39",
"406","29","2225","2020-07-23 18:00:00","2020-07-30 23:59:59","37","38","39",
"407","29","2226","2020-07-23 18:00:00","2020-07-30 23:59:59","37","38","39",
"408","29","2227","2020-07-23 18:00:00","2020-07-30 23:59:59","37","38","39",
"409","29","2228","2020-07-23 18:00:00","2020-07-30 23:59:59","37","38","39",
"410","29","2229","2020-07-23 18:00:00","2020-07-30 23:59:59","37","38","39",
"411","7","2292","2020-08-18 11:15:00","2020-08-26 03:59:59","31","32","33",
"412","7","2318","2020-08-18 11:15:00","2020-08-26 03:59:59","31","32","33",
"413","7","2296","2020-08-18 11:15:00","2020-08-26 03:59:59","31","32","33",
"414","7","2379","2020-08-18 11:15:00","2020-08-26 03:59:59","31","32","33",
"415","7","2320","2020-08-18 11:15:00","2020-08-26 03:59:59","31","32","33",
"416","7","2294","2020-08-18 11:15:00","2020-08-26 03:59:59","31","32","33",
"417","7","2321","2020-08-18 11:15:00","2020-08-26 03:59:59","31","32","33",
"418","7","2297","2020-08-18 11:15:00","2020-08-26 03:59:59","31","32","33",
"419","7","2298","2020-08-18 11:15:00","2020-08-26 03:59:59","31","32","33",
"420","7","2118","2020-08-18 11:15:00","2020-08-19 03:59:59","31","32","33",
"421","7","2114","2020-08-19 00:00:00","2020-08-26 03:59:59","31","32","33",
"422","7",,"2020-08-26 04:00:00","2020-12-09 13:14:59","31","32","33","4"
"423","30","2587","2020-11-17 11:15:00","2020-11-30 12:59:00","40","41","42",
"424","30","2588","2020-11-17 11:15:00","2020-11-30 12:59:00","40","41","42",
"425","30","2589","2020-11-17 11:15:00","2020-11-30 12:59:00","40","41","42",
"426","30","2590","2020-11-17 11:15:00","2020-11-30 12:59:00","40","41","42",
"427","30","2591","2020-11-17 11:15:00","2020-11-30 12:59:00","40","41","42",
"428","30","2592","2020-11-17 11:15:00","2020-11-30 12:59:00","40","41","42",
"429","30","2593","2020-11-17 11:15:00","2020-11-30 12:59:00","40","41","42",
"430","30","2594","2020-11-17 11:15:00","2020-11-30 12:59:00","40","41","42",
"431","30","2595","2020-11-17 11:15:00","2020-11-30 12:59:00","40","41","42",
"432","30","2596","2020-11-17 11:15:00","2020-11-30 12:59:00","40","41","42",
"433","30","2597","2020-11-17 11:15:00","2020-11-30 12:59:00","40","41","42",
"434","30","2598","2020-11-17 11:15:00","2020-11-30 12:59:00","40","41","42",
"435","30","2599","2020-11-17 11:15:00","2020-11-30 12:59:00","40","41","42",
"436","30","2600","2020-11-17 11:15:00","2020-11-30 12:59:00","40","41","42",
"437","30","2601","2020-11-17 11:15:00","2020-11-30 12:59:00","40","41","42",
"438","30","2602","2020-11-17 11:15:00","2020-11-30 12:59:00","40","41","42",
"439","30","2603","2020-11-17 11:15:00","2020-11-30 12:59:00","40","41","42",
"440","30","2604","2020-11-17 11:15:00","2020-11-30 12:59:00","40","41","42",
"441","30","2605","2020-11-17 11:15:00","2020-11-30 12:59:00","40","41","42",
"442","30","2665","2020-11-24 13:15:00","2020-11-30 12:59:00","40","41","42",
"443","30","2666","2020-11-24 13:15:00","2020-11-30 12:59:00","40","41","42",
"444","31","2610","2020-12-09 13:15:00","2020-12-16 12:59:59","43","44","45",
"445","31","2611","2020-12-09 13:15:00","2020-12-16 12:59:59","43","44","45",
"446","31","2612","2020-12-09 13:15:00","2020-12-16 12:59:59","43","44","45",
"447","7","2610","2020-12-09 13:15:00","2020-12-16 12:59:59","31","32","33",
"448","7","2611","2020-12-09 13:15:00","2020-12-16 12:59:59","31","32","33",
"449","7","2612","2020-12-09 13:15:00","2020-12-16 12:59:59","31","32","33",
"450","7","2640","2020-12-09 13:15:00","2020-12-15 03:59:59","31","32","33",
"451","7",,"2020-12-16 13:00:00","2020-01-19 13:14:59","31","32","33","4"
"452","32","2651","2021-01-19 13:15:00","2021-01-28 12:59:59","46","47","48",
"453","32","2653","2021-01-19 13:15:00","2021-01-28 12:59:59","46","47","48",
"454","32","2655","2021-01-19 13:15:00","2021-01-28 12:59:59","46","47","48",
"455","32","2657","2021-01-19 13:15:00","2021-01-28 12:59:59","46","47","48",
"456","32","2658","2021-01-19 13:15:00","2021-01-28 12:59:59","46","47","48",
"457","32","2660","2021-01-19 13:15:00","2021-01-28 12:59:59","46","47","48",
"458","32","2661","2021-01-19 13:15:00","2021-01-28 12:59:59","46","47","48",
"459","32","2827","2021-01-19 13:15:00","2021-01-28 12:59:59","46","47","48",
"460","7","2651","2021-01-19 13:15:00","2021-01-28 12:59:59","31","32","33",
"461","7","2653","2021-01-19 13:15:00","2021-01-28 12:59:59","31","32","33",
"462","7","2655","2021-01-19 13:15:00","2021-01-28 12:59:59","31","32","33",
"463","7","2657","2021-01-19 13:15:00","2021-01-28 12:59:59","31","32","33",
"464","7","2658","2021-01-19 13:15:00","2021-01-28 12:59:59","31","32","33",
"465","7","2660","2021-01-19 13:15:00","2021-01-28 12:59:59","31","32","33",
"466","7","2661","2021-01-19 13:15:00","2021-01-28 12:59:59","31","32","33",
"467","7","2827","2021-01-19 13:15:00","2021-01-28 12:59:59","31","32","33",
"468","7",,"2021-01-28 13:00:00","2022-09-08 12:14:59","31","32","33","4"
"469","33","2922","2021-02-17 13:15:00","2021-02-25 12:59:59","49","50","51",
"470","33","2923","2021-02-17 13:15:00","2021-02-25 12:59:59","49","50","51",
"471","33","2924","2021-02-17 13:15:00","2021-02-25 12:59:59","49","50","51",
"472","33","2925","2021-02-17 13:15:00","2021-02-25 12:59:59","49","50","51",
"473","33","2926","2021-02-17 13:15:00","2021-02-25 12:59:59","49","50","51",
"474","33","2927","2021-02-17 13:15:00","2021-02-25 12:59:59","49","50","51",
"475","33","2928","2021-02-17 13:15:00","2021-02-25 12:59:59","49","50","51",
"476","33","2929","2021-02-17 13:15:00","2021-02-25 12:59:59","49","50","51",
"477","33","2930","2021-02-17 13:15:00","2021-02-25 12:59:59","49","50","51",
"478","33","2931","2021-02-17 13:15:00","2021-02-25 12:59:59","49","50","51",
"479","33","2932","2021-02-17 13:15:00","2021-02-25 12:59:59","49","50","51",
"480","33","2933","2021-02-17 13:15:00","2021-02-25 12:59:59","49","50","51",
"481","33","2934","2021-02-17 13:15:00","2021-02-25 12:59:59","49","50","51",
"482","33","2935","2021-02-17 13:15:00","2021-02-25 12:59:59","49","50","51",
"483","33","2936","2021-02-17 13:15:00","2021-02-25 12:59:59","49","50","51",
"484","33","2937","2021-02-17 13:15:00","2021-02-25 12:59:59","49","50","51",
"485","33","2938","2021-02-17 13:15:00","2021-02-25 12:59:59","49","50","51",
"486","33","2939","2021-02-17 13:15:00","2021-02-25 12:59:59","49","50","51",
"487","33","2940","2021-02-17 13:15:00","2021-02-25 12:59:59","49","50","51",
"488","33","2941","2021-02-17 13:15:00","2021-02-25 12:59:59","49","50","51",
"489","35","3321","2021-06-24 13:15:00","2021-07-01 03:59:59","52","53","54",
"490","35","3322","2021-06-24 13:15:00","2021-07-01 03:59:59","52","53","54",
"491","35","3328","2021-06-24 13:15:00","2021-07-01 03:59:59","52","53","54",
"492","36","3383","2021-08-20 13:15:00","2021-09-02 23:59:59","55","56","57",
"493","36","3384","2021-08-20 13:15:00","2021-09-02 23:59:59","55","56","57",
"494","36","3385","2021-08-20 13:15:00","2021-09-02 23:59:59","55","56","57",
"495","36","3386","2021-08-20 13:15:00","2021-09-02 23:59:59","55","56","57",
"496","36","3387","2021-08-20 13:15:00","2021-09-02 23:59:59","55","56","57",
"497","36","3388","2021-08-20 13:15:00","2021-09-02 23:59:59","55","56","57",
"498","36","3389","2021-08-20 13:15:00","2021-09-02 23:59:59","55","56","57",
"499","36","3390","2021-08-20 13:15:00","2021-09-02 23:59:59","55","56","57",
"500","36","3391","2021-08-20 13:15:00","2021-09-02 23:59:59","55","56","57",
"501","37","3555","2021-11-17 11:15:00","2021-12-02 12:59:59","58","59","60",
"502","37","3556","2021-11-17 11:15:00","2021-12-02 12:59:59","58","59","60",
"503","37","3557","2021-11-17 11:15:00","2021-12-02 12:59:59","58","59","60",
"504","37","3558","2021-11-17 11:15:00","2021-12-02 12:59:59","58","59","60",
"505","37","3559","2021-11-17 11:15:00","2021-12-02 12:59:59","58","59","60",
"506","37","3560","2021-11-17 11:15:00","2021-12-02 12:59:59","58","59","60",
"507","37","3561","2021-11-17 11:15:00","2021-12-02 12:59:59","58","59","60",
"508","37","3562","2021-11-17 11:15:00","2021-12-02 12:59:59","58","59","60",
"509","37","3563","2021-11-17 11:15:00","2021-12-02 12:59:59","58","59","60",
"510","37","3564","2021-11-17 11:15:00","2021-12-02 12:59:59","58","59","60",
"511","37","3565","2021-11-17 11:15:00","2021-12-02 12:59:59","58","59","60",
"512","37","3566","2021-11-17 11:15:00","2021-12-02 12:59:59","58","59","60",
"513","37","3567","2021-11-17 11:15:00","2021-12-02 12:59:59","58","59","60",
"514","37","3568","2021-11-17 11:15:00","2021-12-02 12:59:59","58","59","60",
"515","37","3569","2021-11-17 11:15:00","2021-12-02 12:59:59","58","59","60",
"516","37","3570","2021-11-17 11:15:00","2021-12-02 12:59:59","58","59","60",
"517","37","3571","2021-11-17 11:15:00","2021-12-02 12:59:59","58","59","60",
"518","37","3572","2021-11-17 11:15:00","2021-12-02 12:59:59","58","59","60",
"519","37","3573","2021-11-17 11:15:00","2021-12-02 12:59:59","58","59","60",
"520","37","3574","2021-11-17 11:15:00","2021-12-02 12:59:59","58","59","60",
"521","37","3575","2021-11-17 11:15:00","2021-12-02 12:59:59","58","59","60",
"522","37","3576","2021-11-17 11:15:00","2021-12-02 12:59:59","58","59","60",
"523","37","3680","2021-11-17 11:15:00","2021-12-02 12:59:59","58","59","60",
"524","37","3681","2021-11-17 11:15:00","2021-12-02 12:59:59","58","59","60",
"525","37","3682","2021-11-17 11:15:00","2021-12-02 12:59:59","58","59","60",
"526","38","3757","2022-01-19 22:00:00","2022-01-28 10:59:59","61","62","63",
"527","38","3758","2022-01-19 22:00:00","2022-01-28 10:59:59","61","62","63",
"528","38","3759","2022-01-19 22:00:00","2022-01-28 10:59:59","61","62","63",
"529","38","3760","2022-01-19 22:00:00","2022-01-28 10:59:59","61","62","63",
"530","38","3761","2022-01-19 22:00:00","2022-01-28 10:59:59","61","62","63",
"531","38","3762","2022-01-19 22:00:00","2022-01-28 10:59:59","61","62","63",
"532","38","3763","2022-01-19 22:00:00","2022-01-28 10:59:59","61","62","63",
"533","38","3764","2022-01-19 22:00:00","2022-01-28 10:59:59","61","62","63",
"534","38","3765","2022-01-19 22:00:00","2022-01-28 10:59:59","61","62","63",
"535","38","3766","2022-01-19 22:00:00","2022-01-28 10:59:59","61","62","63",
"536","38","3767","2022-01-19 22:00:00","2022-01-28 10:59:59","61","62","63",
"537","38","3768","2022-01-19 22:00:00","2022-01-28 10:59:59","61","62","63",
"538","38","3769","2022-01-19 22:00:00","2022-01-28 10:59:59","61","62","63",
"539","38","3770","2022-01-19 22:00:00","2022-01-28 10:59:59","61","62","63",
"540","38","3771","2022-01-19 22:00:00","2022-01-28 10:59:59","61","62","63",
"541","38","3772","2022-01-19 22:00:00","2022-01-28 10:59:59","61","62","63",
"542","38","3773","2022-01-19 22:00:00","2022-01-28 10:59:59","61","62","63",
"543","38","3774","2022-01-19 22:00:00","2022-01-28 10:59:59","61","62","63",
"544","38","3775","2022-01-19 22:00:00","2022-01-28 10:59:59","61","62","63",
"545","38","3776","2022-01-19 22:00:00","2022-01-28 10:59:59","61","62","63",
"546","38","3777","2022-01-19 22:00:00","2022-01-28 10:59:59","61","62","63",
"547","38","3778","2022-01-19 22:00:00","2022-01-28 10:59:59","61","62","63",
"548","38","3779","2022-01-19 22:00:00","2022-01-28 10:59:59","61","62","63",
"549","39","3806","2022-02-24 13:15:00","2022-03-03 12:59:59","64","65","66",
"550","39","3807","2022-02-24 13:15:00","2022-03-03 12:59:59","64","65","66",
"551","39","3805","2022-02-24 13:15:00","2022-03-03 12:59:59","64","65","66",
"552","39","3808","2022-02-24 13:15:00","2022-03-03 12:59:59","64","65","66",
"553","39","3809","2022-02-24 13:15:00","2022-03-03 12:59:59","64","65","66",
"554","39","3813","2022-02-24 13:15:00","2022-03-03 12:59:59","64","65","66",
"555","39","3810","2022-02-24 13:15:00","2022-03-03 12:59:59","64","65","66",
"556","39","3811","2022-02-24 13:15:00","2022-03-03 12:59:59","64","65","66",
"557","39","3812","2022-02-24 13:15:00","2022-03-03 12:59:59","64","65","66",
"558","39","3814","2022-02-24 13:15:00","2022-03-03 12:59:59","64","65","66",
"559","40","3806","2022-02-24 13:15:00","2022-03-03 12:59:59","64","65","66",
"560","40","3807","2022-02-24 13:15:00","2022-03-03 12:59:59","64","65","66",
"561","40","3805","2022-02-24 13:15:00","2022-03-03 12:59:59","64","65","66",
"562","40","3808","2022-02-24 13:15:00","2022-03-03 12:59:59","64","65","66",
"563","40","3809","2022-02-24 13:15:00","2022-03-03 12:59:59","64","65","66",
"564","40","3813","2022-02-24 13:15:00","2022-03-03 12:59:59","64","65","66",
"565","40","3810","2022-02-24 13:15:00","2022-03-03 12:59:59","64","65","66",
"566","40","3811","2022-02-24 13:15:00","2022-03-03 12:59:59","64","65","66",
"567","40","3812","2022-02-24 13:15:00","2022-03-03 12:59:59","64","65","66",
"568","40","3814","2022-02-24 13:15:00","2022-03-03 12:59:59","64","65","66",
"569","41","3806","2022-02-24 13:15:00","2022-03-03 12:59:59","64","65","66",
"570","41","3807","2022-02-24 13:15:00","2022-03-03 12:59:59","64","65","66",
"571","41","3805","2022-02-24 13:15:00","2022-03-03 12:59:59","64","65","66",
"572","41","3808","2022-02-24 13:15:00","2022-03-03 12:59:59","64","65","66",
"573","41","3809","2022-02-24 13:15:00","2022-03-03 12:59:59","64","65","66",
"574","41","3813","2022-02-24 13:15:00","2022-03-03 12:59:59","64","65","66",
"575","41","3810","2022-02-24 13:15:00","2022-03-03 12:59:59","64","65","66",
"576","41","3811","2022-02-24 13:15:00","2022-03-03 12:59:59","64","65","66",
"577","41","3812","2022-02-24 13:15:00","2022-03-03 12:59:59","64","65","66",
"578","41","3814","2022-02-24 13:15:00","2022-03-03 12:59:59","64","65","66",
"579","45","4300","2022-05-24 13:15:00","2022-06-08 12:59:59","67","68","69",
"580","45","4301","2022-05-24 13:15:00","2022-06-08 12:59:59","67","68","69",
"581","45","4302","2022-05-24 13:15:00","2022-06-08 12:59:59","67","68","69",
"582","45","4303","2022-05-24 13:15:00","2022-06-08 12:59:59","67","68","69",
"583","45","4304","2022-05-24 13:15:00","2022-06-08 12:59:59","67","68","69",
"584","45","4305","2022-05-24 13:15:00","2022-06-08 12:59:59","67","68","69",
"585","45","4306","2022-05-24 13:15:00","2022-06-08 12:59:59","67","68","69",
"586","45","4307","2022-05-24 13:15:00","2022-06-08 12:59:59","67","68","69",
"587","45","4308","2022-05-24 13:15:00","2022-06-08 12:59:59","67","68","69",
"588","45","4309","2022-05-24 13:15:00","2022-06-08 12:59:59","67","68","69",
"589","45","4310","2022-05-24 13:15:00","2022-06-08 12:59:59","67","68","69",
"590","45","4311","2022-05-24 13:15:00","2022-06-08 12:59:59","67","68","69",
"591","45","4312","2022-05-24 13:15:00","2022-06-08 12:59:59","67","68","69",
"592","45","4313","2022-05-24 13:15:00","2022-06-08 12:59:59","67","68","69",
"593","45","4314","2022-05-24 13:15:00","2022-06-08 12:59:59","67","68","69",
"594","45","4315","2022-05-24 13:15:00","2022-06-08 12:59:59","67","68","69",
"595","45","4316","2022-05-24 13:15:00","2022-06-08 12:59:59","67","68","69",
"596","45","4317","2022-05-24 13:15:00","2022-06-08 12:59:59","67","68","69",
"597","45","4318","2022-05-24 13:15:00","2022-06-08 12:59:59","67","68","69",
"598","45","4319","2022-05-24 13:15:00","2022-06-08 12:59:59","67","68","69",
"599","45","4320","2022-05-24 13:15:00","2022-06-08 12:59:59","67","68","69",
"600","45","4321","2022-05-24 13:15:00","2022-06-08 12:59:59","67","68","69",
"601","45","4322","2022-05-24 13:15:00","2022-06-08 12:59:59","67","68","69",
"602","45","4323","2022-05-24 13:15:00","2022-06-08 12:59:59","67","68","69",
"627","45","4125","2022-06-01 13:15:00","2022-06-08 12:59:59","67","68","69",
"628","45","4126","2022-06-01 13:15:00","2022-06-08 12:59:59","67","68","69",
"629","45","4364","2022-06-01 13:15:00","2022-06-08 12:59:59","67","68","69",
"630","47","3335","2022-06-23 12:15:00","2022-06-29 11:59:59","70","71","72",
"631","47","4132","2022-06-23 12:15:00","2022-06-29 11:59:59","70","71","72",
"632","47","4384","2022-06-23 12:15:00","2022-06-29 11:59:59","70","71","72",
"633","47","4382","2022-06-23 12:15:00","2022-06-29 11:59:59","70","71","72",
"634","47","4383","2022-06-23 12:15:00","2022-06-29 11:59:59","70","71","72",
"635","48","4340","2022-07-06 12:15:00","2022-07-14 11:59:59","73","74","75",
"636","48","4341","2022-07-06 12:15:00","2022-07-14 11:59:59","73","74","75",
"637","48","4342","2022-07-06 12:15:00","2022-07-14 11:59:59","73","74","75",
"638","48","4343","2022-07-06 12:15:00","2022-07-14 11:59:59","73","74","75",
"639","48","4344","2022-07-06 12:15:00","2022-07-14 11:59:59","73","74","75",
"640","48","4345","2022-07-06 12:15:00","2022-07-14 11:59:59","73","74","75",
"641","48","4346","2022-07-06 12:15:00","2022-07-14 11:59:59","73","74","75",
"642","48","4347","2022-07-06 12:15:00","2022-07-14 11:59:59","73","74","75",
"643","48","4348","2022-07-06 12:15:00","2022-07-14 11:59:59","73","74","75",
"644","48","4349","2022-07-06 12:15:00","2022-07-14 11:59:59","73","74","75",
"645","48","4350","2022-07-06 12:15:00","2022-07-14 11:59:59","73","74","75",
"646","48","4351","2022-07-06 12:15:00","2022-07-14 11:59:59","73","74","75",
"647","48","4352","2022-07-06 12:15:00","2022-07-14 11:59:59","73","74","75",
"648","48","4353","2022-07-06 12:15:00","2022-07-14 11:59:59","73","74","75",
"649","48","4354","2022-07-06 12:15:00","2022-07-14 11:59:59","73","74","75",
"650","48","4355","2022-07-06 12:15:00","2022-07-14 11:59:59","73","74","75",
"651","48","4356","2022-07-06 12:15:00","2022-07-14 11:59:59","73","74","75",
"652","48","4357","2022-07-06 12:15:00","2022-07-14 11:59:59","73","74","75",
"653","48","4358","2022-07-06 12:15:00","2022-07-14 11:59:59","73","74","75",
"654","48","4359","2022-07-06 12:15:00","2022-07-14 11:59:59","73","74","75",
"655","48","4360","2022-07-06 12:15:00","2022-07-14 11:59:59","73","74","75",
"656","48","4361","2022-07-06 12:15:00","2022-07-14 11:59:59","73","74","75",
"657","48","4362","2022-07-06 12:15:00","2022-07-14 11:59:59","73","74","75",
"658","48","4363","2022-07-06 12:15:00","2022-07-14 11:59:59","73","74","75",
"659","48","4378","2022-07-06 12:15:00","2022-07-14 11:59:59","73","74","75",
"660","48","4375","2022-07-06 12:15:00","2022-07-14 11:59:59","73","74","75",
"661","48","4379","2022-07-06 12:15:00","2022-07-14 11:59:59","73","74","75",
"662","48","4376","2022-07-06 12:15:00","2022-07-14 11:59:59","73","74","75",
"663","48","4377","2022-07-06 12:15:00","2022-07-14 11:59:59","73","74","75",
"664","48","4380","2022-07-06 12:15:00","2022-07-14 11:59:59","73","74","75",
"665","49","3336","2022-09-08 12:15:00","2022-09-18 11:59:59","76","77","78",
"666","49","4131","2022-09-08 12:15:00","2022-09-18 11:59:59","76","77","78",
"667","49","4502","2022-09-08 12:15:00","2022-09-18 11:59:59","76","77","78",
"668","49","4503","2022-09-08 12:15:00","2022-09-18 11:59:59","76","77","78",
"669","49","4504","2022-09-08 12:15:00","2022-09-18 11:59:59","76","77","78",
"670","7","4098","2022-09-08 12:15:00","2022-09-17 03:59:59","31","32","33",
"671","7","3336","2022-09-08 12:15:00","2022-09-18 11:59:59","31","32","33",
"672","7","4131","2022-09-08 12:15:00","2022-09-18 11:59:59","31","32","33",
"673","7","4502","2022-09-08 12:15:00","2022-09-18 11:59:59","31","32","33",
"674","7","4503","2022-09-08 12:15:00","2022-09-18 11:59:59","31","32","33",
"675","7","4504","2022-09-08 12:15:00","2022-09-18 11:59:59","31","32","33",
"676","7","4096","2022-09-15 00:00:00","2022-09-18 11:59:59","31","32","33",
"677","7",,"2022-09-18 12:00:00",,"31","32","33","4"
"678","50","4667","2022-11-16 10:15:00","2022-11-30 11:59:59","79","80","81",
"679","50","4668","2022-11-16 10:15:00","2022-11-30 11:59:59","79","80","81",
"680","50","4669","2022-11-16 10:15:00","2022-11-30 11:59:59","79","80","81",
"681","50","4670","2022-11-16 10:15:00","2022-11-30 11:59:59","79","80","81",
"682","50","4671","2022-11-16 10:15:00","2022-11-30 11:59:59","79","80","81",
"683","50","4672","2022-11-16 10:15:00","2022-11-30 11:59:59","79","80","81",
"684","50","4673","2022-11-16 10:15:00","2022-11-30 11:59:59","79","80","81",
"685","50","4674","2022-11-16 10:15:00","2022-11-30 11:59:59","79","80","81",
"686","50","4675","2022-11-16 10:15:00","2022-11-30 11:59:59","79","80","81",
"687","50","4676","2022-11-16 10:15:00","2022-11-30 11:59:59","79","80","81",
"688","50","4677","2022-11-16 10:15:00","2022-11-30 11:59:59","79","80","81",
"689","50","4678","2022-11-16 10:15:00","2022-11-30 11:59:59","79","80","81",
"690","50","4679","2022-11-16 10:15:00","2022-11-30 11:59:59","79","80","81",
"691","50","4680","2022-11-16 10:15:00","2022-11-30 11:59:59","79","80","81",
"692","50","4681","2022-11-16 10:15:00","2022-11-30 11:59:59","79","80","81",
"693","50","4682","2022-11-16 10:15:00","2022-11-30 11:59:59","79","80","81",
"694","50","4683","2022-11-16 10:15:00","2022-11-30 11:59:59","79","80","81",
"695","50","4684","2022-11-16 10:15:00","2022-11-30 11:59:59","79","80","81",
"696","50","4685","2022-11-16 10:15:00","2022-11-30 11:59:59","79","80","81",
"697","50","4686","2022-11-16 10:15:00","2022-11-30 11:59:59","79","80","81",
"698","50","4687","2022-11-16 10:15:00","2022-11-30 11:59:59","79","80","81",
"699","50","4688","2022-11-16 10:15:00","2022-11-30 11:59:59","79","80","81",
"700","50","4689","2022-11-16 10:15:00","2022-11-30 11:59:59","79","80","81",
"701","50","4690","2022-11-16 10:15:00","2022-11-30 11:59:59","79","80","81",
"702","50","4691","2022-11-16 10:15:00","2022-11-30 11:59:59","79","80","81",
"703","50","4692","2022-11-16 10:15:00","2022-11-30 11:59:59","79","80","81",
"704","50","4884","2022-11-22 12:15:00","2022-11-30 11:59:59","79","80","81",
"705","50","4885","2022-11-22 12:15:00","2022-11-30 11:59:59","79","80","81",
"706","50","4886","2022-11-22 12:15:00","2022-11-30 11:59:59","79","80","81",
"707","50","4887","2022-11-22 12:15:00","2022-11-30 11:59:59","79","80","81",
"708","51","4973","2023-01-26 12:15:00","2023-02-02 11:59:59","82","83","84",
"709","51","4974","2023-01-26 12:15:00","2023-02-02 11:59:59","82","83","84",
"710","51","4975","2023-01-26 12:15:00","2023-02-02 11:59:59","82","83","84",
"711","51","4976","2023-01-26 12:15:00","2023-02-02 11:59:59","82","83","84",
"712","51","4977","2023-01-26 12:15:00","2023-02-02 11:59:59","82","83","84",
"713","51","4978","2023-01-26 12:15:00","2023-02-02 11:59:59","82","83","84",
"714","51","4979","2023-01-26 12:15:00","2023-02-02 11:59:59","82","83","84",
"715","51","4980","2023-01-26 12:15:00","2023-02-02 11:59:59","82","83","84",
"716","51","4981","2023-01-26 12:15:00","2023-02-02 11:59:59","82","83","84",
"717","51","4982","2023-01-26 12:15:00","2023-02-02 11:59:59","82","83","84",
"718","52","4133","2023-02-16 12:15:00","2023-02-22 11:59:59","85","86","87",
"719","52","4575","2023-02-16 12:15:00","2023-02-22 11:59:59","85","86","87",
"720","52","57110","2023-02-16 12:15:00","2023-02-22 11:59:59","85","86","87",
"721","52","57111","2023-02-16 12:15:00","2023-02-22 11:59:59","85","86","87",
"722","52","57112","2023-02-16 12:15:00","2023-02-22 11:59:59","85","86","87",
"723","53","2652","2023-03-22 12:15:00","2023-03-29 11:59:59","88","89","90",
"724","53","2654","2023-03-22 12:15:00","2023-03-29 11:59:59","88","89","90",
"725","53","2656","2023-03-22 12:15:00","2023-03-29 11:59:59","88","89","90",
"726","53","2659","2023-03-22 12:15:00","2023-03-29 11:59:59","88","89","90",
"727","53","2685","2023-03-22 12:15:00","2023-03-29 11:59:59","88","89","90",
"728","53","57180","2023-03-22 12:15:00","2023-03-29 11:59:59","88","89","90",
"729","53","57181","2023-03-22 12:15:00","2023-03-29 11:59:59","88","89","90",
"730","53","57182","2023-03-22 12:15:00","2023-03-29 11:59:59","88","89","90",
"731","53","57183","2023-03-22 12:15:00","2023-03-29 11:59:59","88","89","90",
"732","53","57184","2023-03-22 12:15:00","2023-03-29 11:59:59","88","89","90",
"733","53","57185","2023-03-22 12:15:00","2023-03-29 11:59:59","88","89","90",
"734","53","57186","2023-03-22 12:15:00","2023-03-29 11:59:59","88","89","90",
"735","54","2652","2023-03-22 12:15:00","2023-03-29 11:59:59","88","89","90",
"736","54","2654","2023-03-22 12:15:00","2023-03-29 11:59:59","88","89","90",
"737","54","2656","2023-03-22 12:15:00","2023-03-29 11:59:59","88","89","90",
"738","54","2659","2023-03-22 12:15:00","2023-03-29 11:59:59","88","89","90",
"739","54","2685","2023-03-22 12:15:00","2023-03-29 11:59:59","88","89","90",
"740","54","57180","2023-03-22 12:15:00","2023-03-29 11:59:59","88","89","90",
"741","54","57181","2023-03-22 12:15:00","2023-03-29 11:59:59","88","89","90",
"742","54","57182","2023-03-22 12:15:00","2023-03-29 11:59:59","88","89","90",
"743","54","57183","2023-03-22 12:15:00","2023-03-29 11:59:59","88","89","90",
"744","54","57184","2023-03-22 12:15:00","2023-03-29 11:59:59","88","89","90",
"745","54","57185","2023-03-22 12:15:00","2023-03-29 11:59:59","88","89","90",
"746","54","57186","2023-03-22 12:15:00","2023-03-29 11:59:59","88","89","90",
"747","55","2652","2023-03-22 12:15:00","2023-03-29 11:59:59","88","89","90",
"748","55","2654","2023-03-22 12:15:00","2023-03-29 11:59:59","88","89","90",
"749","55","2656","2023-03-22 12:15:00","2023-03-29 11:59:59","88","89","90",
"750","55","2659","2023-03-22 12:15:00","2023-03-29 11:59:59","88","89","90",
"751","55","2685","2023-03-22 12:15:00","2023-03-29 11:59:59","88","89","90",
"752","55","57180","2023-03-22 12:15:00","2023-03-29 11:59:59","88","89","90",
"753","55","57181","2023-03-22 12:15:00","2023-03-29 11:59:59","88","89","90",
"754","55","57182","2023-03-22 12:15:00","2023-03-29 11:59:59","88","89","90",
"755","55","57183","2023-03-22 12:15:00","2023-03-29 11:59:59","88","89","90",
"756","55","57184","2023-03-22 12:15:00","2023-03-29 11:59:59","88","89","90",
"757","55","57185","2023-03-22 12:15:00","2023-03-29 11:59:59","88","89","90",
"758","55","57186","2023-03-22 12:15:00","2023-03-29 11:59:59","88","89","90",
"759","56","57236","2023-04-27 12:15:00","2023-05-11 11:59:59","91","92","93",
"760","56","57238","2023-04-27 12:15:00","2023-05-11 11:59:59","91","92","93",
"761","56","57243","2023-04-27 12:15:00","2023-05-11 11:59:59","91","92","93",
"762","56","57244","2023-04-27 12:15:00","2023-05-11 11:59:59","91","92","93",
"763","56","57245","2023-04-27 12:15:00","2023-05-11 11:59:59","91","92","93",
"764","56","57246","2023-04-27 12:15:00","2023-05-11 11:59:59","91","92","93",
