"1","1","1","35023","1000","518",,,,
"2","1","2","35066","1","518",,,,
"3","1","3","35076","1","518",,,,
"4","1","4","35030","1","518",,,,
"5","1","5","35072","1","518",,,,
"6","1","6","35013","1000","518",,,,
"7","1","7","35021","100","518",,,,
"8","1","8","35023","1000","518",,,,
"9","1","9","35073","1","518",,,,
"10","1","10","35080","1","518",,,,
"11","1","11","35034","1","518",,,,
"12","1","12","35072","1","518",,,,
"13","1","13","35013","1000","518",,,,
"14","1","14","35021","100","518",,,,
"15","1","15","35023","1000","518",,,,
"16","1","16","35048","2","518",,,,
"17","1","17","35053","2","518",,,,
"18","1","18","35050","2","518",,,,
"19","1","19","35072","1","518",,,,
"20","1","20","35021","100","518",,,,
"21","1","21","35015","1","518",,,,
"22","2","1","35015","1","547","198176","198350","198176","198350"
"23","2","2","35015","1","547","198176","198350","198176","198350"
"24","2","3","35015","1","547","198176","198350","198176","198350"
"25","2","4","35015","1","547","198176","198350","198176","198350"
"26","2","5","35015","1","547","198176","198350","198176","198350"
"27","2","6","35015","1","547","198176","198177","198176","198177"
"28","2","7","35016","1","547","198176","198178","198176","198178"
"29","3","1","5084","1","0",,,,
"30","4","1","35014","4","578","198525","198526","198525","198526"
"31","4","2","35014","4","578","198525","198526","198525","198526"
"32","4","3","35014","4","578","198525","198526","198525","198526"
"33","4","4","35014","4","578","198525","198526","198525","198526"
"34","4","5","35014","4","578","198525","198526","198525","198526"
"35","4","6","35014","4","578","198525","198526","198525","198526"
"36","4","7","35014","4","578","198525","198526","198525","198526"
"37","4","8","35014","4","578","198525","198526","198525","198526"
"38","4","9","35014","4","578","198525","198526","198525","198526"
"39","4","10","35014","4","578","198525","198526","198525","198526"
"40","4","11","35014","4","578","198525","198526","198525","198526"
"41","4","12","35014","4","578","198525","198526","198525","198526"
"42","4","13","35014","4","578","198525","198526","198525","198526"
"43","4","14","35014","4","578","198525","198527","198525","198527"
"44","5","1","35017","1","585","198571","198568","198567","198568"
"45","5","2","35017","1","585","198571","198568","198567","198568"
"46","5","3","35017","1","585","198571","198568","198567","198568"
"47","5","4","35017","1","585","198571","198568","198567","198568"
"48","5","5","35017","1","585","198571","198568","198567","198568"
"49","5","6","35017","1","585","198571","198568","198567","198568"
"50","5","7","35017","2","585","198571","198569","198567","198569"
"51","6","1","35023","0","621",,,,
"52","7","1","35066","1","600","198602","198603","198602","198603"
"53","7","2","35067","1","600","198604","198603","198604","198603"
"54","7","3","495","1","600","198605","198603","198605","198603"
"55","7","4","35068","1","600","198606","198603","198606","198603"
"56","7","5","35122","1","626","198607","198603","198607","198603"
"57","7","6","504","1","626","198608","198603","198608","198603"
"58","7","7","5100","1","600","198609","198610","198609","198610"
"59","8","1","35023","0","630",,,,
"60","9","1","35140","1","0",,,,
"61","11","1","35012","1","669","198632","198633","198632","198633"
"62","11","2","35012","1","669","198632","198633","198632","198633"
"63","11","3","35012","1","669","198632","198633","198632","198633"
"64","11","4","35012","1","669","198632","198633","198632","198633"
"65","11","5","35012","1","669","198632","198633","198632","198633"
"66","11","6","35012","1","669","198632","198633","198632","198633"
"67","11","7","35012","1","669","198632","198634","198632","198634"
"68","10","1","35023","0","670",,,,
"69","12","1","35023","0","685",,,,
"70","13","1","35023","0","742",,,,
"71","14","1","35017","1","744","198748","198749",,
"72","14","2","35017","1","744","198748","198749",,
"73","14","3","35017","1","744","198748","198749",,
"74","14","4","35017","1","744","198748","198749",,
"75","14","5","35017","1","744","198748","198749",,
"76","14","6","35017","1","744","198748","198749",,
"77","14","7","35017","2","744","198748","198750",,
"78","15","1","35023","0","743",,,,
"79","16","1","35023","0","777",,,,
"80","17","1","35030","1","721","198788","198789","198788","198789"
"81","17","2","35031","1","776","198790","198789","198790","198789"
"82","17","3","495","1","776","198791","198789","198791","198789"
"83","17","4","35032","1","776","198792","198789","198792","198789"
"84","17","5","35179","1","776","198793","198789","198793","198789"
"85","17","6","504","1","776","198794","198789","198794","198789"
"86","17","7","5100","1","776","198795","198796","198795","198796"
"87","18","1","35023","0","805",,,,
"88","19","1","35209","1","0",,,,
"89","21","1","502","1","600","198844","198845","198844","198845"
"90","21","2","502","1","600","198844","198845","198844","198845"
"91","21","3","502","1","600","198844","198845","198844","198845"
"92","21","4","502","1","600","198844","198845","198844","198845"
"93","21","5","502","1","626","198844","198845","198844","198845"
"94","21","6","502","1","626","198844","198845","198844","198845"
"95","21","7","502","1","600","198844","198846","198844","198846"
"96","22","1","35021","500","744","198847","198848","198847","198848"
"97","22","2","35021","500","744","198847","198848","198847","198848"
"98","22","3","35021","500","744","198847","198848","198847","198848"
"99","22","4","35021","500","744","198847","198848","198847","198848"
"100","22","5","35021","500","744","198847","198848","198847","198848"
"101","22","6","35021","500","744","198847","198848","198847","198848"
"102","22","7","35021","500","744","198847","198849","198847","198849"
"103","20","1","35023","0","821",,,,
"104","23","1","35021","500","744","198859","198860","198859","198860"
"105","23","2","35021","500","744","198859","198860","198859","198860"
"106","23","3","35021","500","744","198859","198860","198859","198860"
"107","23","4","35021","500","744","198859","198860","198859","198860"
"108","23","5","35021","500","744","198859","198860","198859","198860"
"109","23","6","35021","500","744","198859","198860","198859","198860"
"110","23","7","35021","500","744","198859","198861","198859","198861"
"111","24","1","35017","1","744","198867","198868","198867","198868"
"112","24","2","35017","1","744","198867","198868","198867","198868"
"113","24","3","35017","1","744","198867","198868","198867","198868"
"114","24","4","35017","1","744","198867","198868","198867","198868"
"115","24","5","35017","1","744","198867","198868","198867","198868"
"116","24","6","35017","1","744","198867","198868","198867","198868"
"117","24","7","35017","2","744","198867","198869","198867","198869"
"118","25","1","35023","0","845",,,,
"119","26","1","35023","0","846",,,,
"120","27","1","35023","0","888",,,,
"121","28","1","35021","3000","0",,,,
"122","29","1","35023","0","916",,,,
"123","30","1","35269","1","0",,,,
"124","31","1","35023","0","935",,,,
"125","32","1","35030","1","908","198931","198932","198931","198932"
"126","32","2","35031","1","908","198933","198932","198933","198932"
"127","32","3","495","1","908","198934","198932","198934","198932"
"128","32","4","35032","1","908","198935","198932","198935","198932"
"129","32","5","35243","1","908","198936","198932","198936","198932"
"130","32","6","10073","1","908","198937","198932","198937","198932"
"131","32","7","5100","1","908","198938","198939","198938","198939"
"132","33","1","35023","0","936",,,,
"133","34","1","35023","0","950",,,,
"134","35","1","35023","0","958",,,,
"135","36","1","10112","1","0",,,,
"136","37","1","35023","0","971",,,,
"137","38","1","35017","1","744","198867","198868","198867","198868"
"138","38","2","35017","1","744","198867","198868","198867","198868"
"139","38","3","35017","1","744","198867","198868","198867","198868"
"140","38","4","35017","1","744","198867","198868","198867","198868"
"141","38","5","35017","1","744","198867","198868","198867","198868"
"142","38","6","35017","1","744","198867","198868","198867","198868"
"143","38","7","35017","2","744","198867","198869","198867","198869"
"144","39","1","35023","0","1003",,,,
"145","40","1","35023","0","972",,,,
"146","41","1","35311","1","0",,,,
"147","42","1","35023","0","1064",,,,
"148","43","1","35023","0","1063",,,,
"149","44","1","35023","0","1073",,,,
"150","45","1","35066","1","1049","199042","199043","199042","199043"
"151","45","2","35067","1","1049","199044","199043","199044","199043"
"152","45","3","495","1","1049","199045","199043","199045","199043"
"153","45","4","35068","1","1049","199046","199043","199046","199043"
"154","45","5","35313","1","1049","199047","199043","199047","199043"
"155","45","6","10073","1","1049","199048","199043","199048","199043"
"156","45","7","5100","1","1049","199049","199050","199049","199050"
"157","46","1","35228","1","0",,,,
"158","47","1","35331","5","0",,,,
"159","48","1","35021","3000","0",,,,
"160","49","1","35017","1","1098","199099","199100","199099","199100"
"161","49","2","35017","1","1098","199099","199100","199099","199100"
"162","49","3","35017","1","1098","199099","199100","199099","199100"
"163","49","4","35017","1","1098","199099","199100","199099","199100"
"164","49","5","35017","1","1098","199099","199100","199099","199100"
"165","49","6","35017","1","1098","199099","199100","199099","199100"
"166","49","7","35017","2","1098","199099","199101","199099","199101"
"167","50","1","35023","0","1100",,,,
"168","51","1","35023","0","1099",,,,
"169","52","1","35023","0","1154",,,,
"170","53","1","35023","0","1172",,,,
"171","54","1","35023","0","1197",,,,
"172","55","1","35444","1","0",,,,
"173","58","1","35023","2000","1202",,,,
"174","58","2","35054","2","1202",,,,
"175","58","3","35073","10","1202",,,,
"176","58","4","35074","5","1202",,,,
"177","58","5","35069","1","1202",,,,
"178","58","6","35072","1","1202",,,,
"179","58","7","35021","500","1202",,,,
"180","58","8","35023","3000","1203",,,,
"181","58","9","35054","2","1203",,,,
"182","58","10","35005","10","1203",,,,
"183","58","11","35006","5","1203",,,,
"184","58","12","35004","1","1203",,,,
"185","58","13","35072","1","1203",,,,
"186","58","14","35017","1","1203",,,,
"187","58","15","35023","5000","1204",,,,
"188","58","16","35054","3","1204",,,,
"189","58","17","35080","10","1204",,,,
"190","58","18","35081","5","1204",,,,
"191","58","19","35079","1","1204",,,,
"192","58","20","35072","1","1204",,,,
"193","58","21","35021","500","1204",,,,
"194","58","22","35023","5000","1205",,,,
"195","58","23","35054","3","1205",,,,
"196","58","24","35034","10","1205",,,,
"197","58","25","35035","5","1205",,,,
"198","58","26","35033","1","1205",,,,
"199","58","27","35072","1","1205",,,,
"200","58","28","35229","5","1205",,,,
"201","60","1","35021","500","1206","199139","199140","199139","199140"
"202","60","2","35021","500","1206","199139","199140","199139","199140"
"203","60","3","35021","500","1206","199139","199140","199139","199140"
"204","60","4","35021","500","1206","199139","199140","199139","199140"
"205","60","5","35021","500","1206","199139","199140","199139","199140"
"206","60","6","35021","500","1206","199139","199140","199139","199140"
"207","60","7","35021","500","1206","199139","199141","199139","199141"
"208","56","1","35023","0","1207",,,,
"209","57","1","35023","0","1208",,,,
"210","59","1","35023","0","1209",,,,
"211","61","1","35021","10000","0",,,,
"212","62","1","35023","0","1282",,,,
"213","63","1","35066","1","1215","199042","199043","199042","199392"
"214","63","2","35067","1","1215","199044","199043","199044","199392"
"215","63","3","495","1","1215","199045","199043","199045","199392"
"216","63","4","35068","1","1215","199046","199043","199046","199392"
"217","63","5","35313","1","1215","199047","199043","199047","199392"
"218","63","6","10073","1","1215","199048","199043","199048","199392"
"219","63","7","5100","1","1215","199049","199050","199049","199392"
"220","64","1","35023","0","1223",,,,
"221","65","1","35023","0","1266",,,,
"222","66","1","35518","1","1263","199320","199321","199320","199321"
"223","66","2","35518","1","1263","199320","199321","199320","199321"
"224","66","3","35518","1","1263","199320","199321","199320","199321"
"225","66","4","35518","1","1263","199320","199321","199320","199321"
"226","66","5","35518","1","1263","199320","199321","199320","199321"
"227","66","6","35518","1","1263","199320","199321","199320","199321"
"228","66","7","35518","1","1263","199320","199321","199320","199321"
"229","66","8","35518","1","1262","199322","199323","199322","199323"
"230","66","9","35518","1","1262","199322","199323","199322","199323"
"231","66","10","35518","1","1262","199322","199323","199322","199323"
"232","66","11","35518","1","1262","199322","199323","199322","199323"
"233","66","12","35518","1","1262","199322","199323","199322","199323"
"234","66","13","35518","1","1262","199322","199323","199322","199323"
"235","66","14","35518","1","1262","199322","199324","199322","199324"
"236","67","1","35521","1","0",,,,
"237","68","1","35018","1","0",,,,
"238","69","1","35036","1","0",,,,
"239","70","1","35082","1","0",,,,
"240","71","1","35075","1","0",,,,
"241","72","1","35033","1","0",,,,
"242","73","1","35012","5","0",,,,
"243","74","1","35518","5","0",,,,
"244","75","1","35054","2","0",,,,
"245","76","1","35021","5000","0",,,,
"246","77","1","35023","0","1288",,,,
"247","78","1","35017","1","1215","199391","199392","199391","199392"
"248","78","2","35017","1","1215","199393","199392","199393","199392"
"249","78","3","35017","1","1215","199394","199392","199394","199392"
"250","78","4","35017","1","1215","199395","199392","199395","199392"
"251","78","5","35017","1","1215","199396","199392","199396","199392"
"252","78","6","35017","1","1215","199397","199392","199397","199392"
"253","78","7","35017","2","1215","199398","199392","199398","199392"
"254","78","8","35229","1","1215","199399","199392","199399","199392"
"255","78","9","35229","1","1215","199400","199392","199400","199392"
"256","78","10","35229","1","1215","199401","199392","199401","199392"
"257","78","11","35229","1","1215","199402","199392","199402","199392"
"258","78","12","35229","1","1215","199403","199392","199403","199392"
"259","78","13","35229","2","1215","199404","199392","199404","199392"
"260","78","14","35229","3","1215","199405","199406","199405","199406"
"261","79","1","35551","1","0",,,,
"262","80","1","35023","0","1304",,,,
"263","81","1","35023","0","1311",,,,
"264","82","1","35023","0","1312",,,,
"265","83","1","35023","0","1327",,,,
"266","84","1","35017","1","1322","199463","199464","199463","199464"
"267","84","2","35017","1","1322","199463","199464","199463","199464"
"268","84","3","35017","1","1322","199463","199464","199463","199464"
"269","84","4","35017","1","1322","199463","199464","199463","199464"
"270","84","5","35017","1","1322","199463","199464","199463","199464"
"271","84","6","35017","1","1322","199463","199464","199463","199464"
"272","84","7","35017","2","1322","199463","199465","199463","199465"
"273","85","1","35023","0","1328",,,,
"274","87","1","5100","1","1345","199478","199479","199478","199479"
"275","87","2","35588","3","1345","199478","199479","199478","199479"
"276","87","3","35588","3","1345","199478","199479","199478","199479"
"277","87","4","35588","3","1345","199478","199479","199478","199479"
"278","87","5","35588","3","1345","199478","199479","199478","199479"
"279","87","6","35588","4","1345","199478","199479","199478","199479"
"280","87","7","35588","4","1345","199478","199480","199478","199480"
"281","86","1","35023","0","1380",,,,
"282","88","1","35023","0","1391",,,,
"283","89","1","35023","0","1403",,,,
"284","90","1","35021","500","1404","199494","199495","199494","199495"
"285","90","2","35021","500","1404","199494","199495","199494","199495"
"286","90","3","35021","500","1404","199494","199495","199494","199495"
"287","90","4","35021","500","1404","199494","199495","199494","199495"
"288","90","5","35021","500","1404","199494","199495","199494","199495"
"289","90","6","35021","500","1404","199494","199495","199494","199495"
"290","90","7","35021","500","1404","199494","199496","199494","199496"
"291","91","1","35632","1","0",,,,
"292","92","1","35023","0","1537",,,,
"293","93","1","35633","1","626","199517","199518","199517","199518"
"294","93","2","35633","1","626","199517","199518","199517","199518"
"295","93","3","35633","1","626","199517","199518","199517","199518"
"296","93","4","35633","1","626","199517","199518","199517","199518"
"297","93","5","35633","1","626","199517","199518","199517","199518"
"298","93","6","35633","1","626","199517","199518","199517","199518"
"299","93","7","35633","1","626","199517","199519","199517","199519"
"300","94","1","35023","0","1538",,,,
"301","95","1","35664","1","744","199535","199536","199535","199536"
"302","95","2","35664","1","744","199535","199536","199535","199536"
"303","95","3","35664","1","744","199535","199536","199535","199536"
"304","95","4","35664","1","744","199535","199536","199535","199536"
"305","95","5","35664","1","744","199535","199536","199535","199536"
"306","95","6","35664","1","744","199535","199536","199535","199536"
"307","95","7","35664","1","744","199535","199536","199535","199536"
"308","95","8","35664","1","744","199535","199536","199535","199536"
"309","95","9","35664","1","744","199535","199536","199535","199536"
"310","95","10","35664","1","744","199535","199536","199535","199536"
"311","95","11","35664","1","744","199535","199536","199535","199536"
"312","95","12","35664","1","744","199535","199536","199535","199536"
"313","95","13","35664","1","744","199535","199536","199535","199536"
"314","95","14","35664","1","744","199535","199537","199535","199537"
"315","96","1","35023","0","1540",,,,
"316","97","1","35023","0","1549",,,,
"317","98","1","35630","1","0",,,,
"318","99","1","35018","1","0",,,,
"319","100","1","35229","5","0",,,,
"320","101","1","35663","1","0",,,,
"321","102","1","35072","2","0",,,,
"322","103","1","35015","5","0",,,,
"323","104","1","35054","2","0",,,,
"324","105","1","35021","5000","0",,,,
"325","106","1","35023","0","1550",,,,
"326","107","1","35023","0","1546",,,,
"327","108","1","35023","0","1578",,,,
"328","109","1","35031","1","1402","199563","199564","199563","199564"
"329","109","2","495","1","1402","199565","199564","199565","199564"
"330","109","3","35700","1","1402","199566","199564","199566","199564"
"331","109","4","35032","1","1402","199567","199564","199567","199564"
"332","109","5","35689","1","1402","199568","199564","199568","199564"
"333","109","6","10073","1","1402","199569","199564","199569","199564"
"334","109","7","35700","1","1557","199570","199571","199570","199571"
"335","110","1","35023","0","1579",,,,
"336","111","1","35023","0","1580",,,,
"337","113","1","35718","1","0",,,,
"338","112","1","35023","0","1590",,,,
"339","114","1","35023","0","1605",,,,
"340","115","1","35023","0","1633",,,,
"341","116","1","35017","1","744","198748","199100","198867","199100"
"342","116","2","35017","1","744","198748","199100","198867","199100"
"343","116","3","35017","1","744","198748","199100","198867","199100"
"344","116","4","35017","1","744","198748","199100","198867","199100"
"345","116","5","35017","1","744","198748","199100","198867","199100"
"346","116","6","35017","1","744","198748","199100","198867","199100"
"347","116","7","35017","2","744","198748","198869","198867","199101"
"348","117","1","35023","0","1632",,,,
"349","118","1","35023","0","1657",,,,
"350","119","1","35023","0","1650",,,,
"351","120","1","35072","1","721","199737","199738","198867","199100"
"352","120","2","35072","1","721","199737","199738","198867","199100"
"353","120","3","35747","1","721","199737","199738","198867","199100"
"354","120","4","35072","1","721","199737","199738","198867","199100"
"355","120","5","35072","1","721","199737","199738","198867","199100"
"356","120","6","35072","1","721","199737","199738","198867","199100"
"357","120","7","35747","1","721","199737","199739","198867","199101"
"358","121","1","35023","0","1679",,,,
"359","122","1","35023","0","1725",,,,
"360","123","1","35023","0","1761",,,,
"361","124","1","35799","1","1215","199794","199795","199794","199795"
"362","124","2","35799","1","1215","199796","199797","199796","199797"
"363","124","3","35799","1","1215","199798","199799","199798","199799"
"364","124","4","35799","1","1215","199800","199801","199800","199801"
"365","124","5","35799","1","1215","199802","199803","199802","199803"
"366","124","6","35799","1","1215","199804","199805","199804","199805"
"367","124","7","35799","1","1215","199806","199807","199806","199807"
"368","125","1","35789","1","0",,,,
"369","126","1","35023","0","1784",,,,
"370","127","1","35793","1","519","1179652","1179653","1179652","1179653"
"371","127","2","35793","1","519","1179652","1179653","1179652","1179653"
"372","127","3","35793","1","519","1179652","1179653","1179652","1179653"
"373","127","4","35793","1","519","1179652","1179653","1179652","1179653"
"374","127","5","35793","1","519","1179652","1179653","1179652","1179653"
"375","127","6","35793","1","519","1179652","1179653","1179652","1179653"
"376","127","7","35793","1","519","1179652","1179654","1179652","1179654"
"377","128","1","35023","0","1785",,,,
"378","129","1","35793","1","520","1179663","1179664","1179663","1179664"
"379","129","2","35793","1","520","1179663","1179664","1179663","1179664"
"380","129","3","35793","1","520","1179663","1179664","1179663","1179664"
"381","129","4","35793","1","520","1179663","1179664","1179663","1179664"
"382","129","5","35793","1","520","1179663","1179664","1179663","1179664"
"383","129","6","35793","1","520","1179663","1179664","1179663","1179664"
"384","129","7","35793","1","520","1179663","1179664","1179663","1179664"
"385","129","8","35793","1","520","1179663","1179665","1179663","1179665"
"386","129","9","35793","1","522","1179666","1179667","1179666","1179667"
"387","129","10","35793","1","522","1179666","1179667","1179666","1179667"
"388","129","11","35793","1","522","1179666","1179667","1179666","1179667"
"389","129","12","35793","1","522","1179666","1179667","1179666","1179667"
"390","129","13","35793","1","522","1179666","1179667","1179666","1179667"
"391","129","14","35793","1","522","1179666","1179668","1179666","1179668"
"392","130","1","35023","0","1791",,,,
"393","131","1","35023","0","1802",,,,
"394","132","1","35023","0","1803",,,,
"395","133","1","35843","1","0",,,,
"396","134","1","35023","0","1820",,,,
"397","135","1","35017","1","1630","199757","199758","199757","199758"
"398","135","2","35017","1","1630","199759","199758","199757","199758"
"399","135","3","35017","1","1630","199759","199758","199759","199758"
"400","135","4","35017","1","1630","199760","199758","199759","199758"
"401","135","5","35017","1","1630","199760","199758","199760","199758"
"402","135","6","35017","1","1630","199760","199758","199760","199758"
"403","135","7","35017","2","1630","199761","199758","199761","199758"
"404","135","8","35229","1","1630","199761","199758","199761","199758"
"405","135","9","35229","1","1630","199762","199758","199762","199758"
"406","135","10","35229","1","1630","199762","199758","199762","199758"
"407","135","11","35229","1","1630","199762","199758","199763","199758"
"408","135","12","35229","1","1630","199763","199758","199763","199758"
"409","135","13","35229","2","1630","199763","199758","199764","199758"
"410","135","14","35229","3","1630","199764","199765","199764","199765"
"411","136","1","35023","0","1828",,,,
"412","137","1","35023","0","1832",,,,
"413","138","1","35023","0","1863",,,,
"414","139","1","35023","0","1871",,,,
"415","140","1","35023","0","1888",,,,
"416","141","1","35023","0","1887",,,,
"417","142","1","35023","0","1940",,,,
"418","143","1","35912","1","0",,,,
"419","143","2","35912","1","0",,,,
"420","143","3","35912","1","0",,,,
"421","143","4","35912","1","0",,,,
"422","143","5","35912","1","0",,,,
"423","143","6","35912","1","0",,,,
"424","143","7","35912","1","0",,,,
"425","144","1","35023","0","1941",,,,
"426","145","1","35023","0","1950",,,,
"427","146","1","35023","0","1974",,,,
"428","147","1","35933","1","1959","1179905","1179906","1179905","1179906"
"429","147","2","35933","1","1959","1179907","1179908","1179907","1179908"
"430","147","3","35933","1","1959","1179909","1179910","1179909","1179910"
"431","147","4","35933","1","1959","1179911","1179912","1179911","1179912"
"432","147","5","35933","1","1959","1179913","1179914","1179913","1179914"
"433","147","6","35933","1","1959","1179915","1179916","1179915","1179916"
"434","147","7","35933","1","1959","1179917","1179918","1179917","1179918"
"435","148","1","35023","0","1989",,,,
"436","149","1","35023","0","1990",,,,
"437","150","1","35021","500","721","1179934","1179935","1179934","1179935"
"438","150","2","35021","500","721","1179936","1179937","1179936","1179937"
"439","150","3","35021","500","721","1179938","1179939","1179938","1179939"
"440","150","4","35021","500","721","1179940","1179941","1179940","1179941"
"441","150","5","35021","500","721","1179942","1179943","1179942","1179943"
"442","150","6","35021","500","721","1179944","1179945","1179944","1179945"
"443","150","7","35021","500","721","1179946","1179947","1179946","1179947"
"444","151","1","35023","0","2004",,,,
"445","152","1","35023","0","1991",,,,
"446","153","1","35996","1","0",,,,
"447","154","1","35023","0","2010",,,,
"448","155","1","35023","0","2021",,,,
"449","156","1","35017","1","1933","1180031","1180032","1180031","1180032"
"450","156","2","35017","1","1933","1180033","1180034","1180033","1180034"
"451","156","3","35017","1","1933","1180035","1180036","1180035","1180036"
"452","156","4","35017","1","1933","1180037","1180038","1180037","1180038"
"453","156","5","35017","1","1933","1180039","1180040","1180039","1180040"
"454","156","6","35017","1","1933","1180041","1180042","1180041","1180042"
"455","156","7","35017","2","1933","1180043","1180044","1180043","1180044"
"456","157","1","35023","0","2036",,,,
"457","158","1","36004","1","0",,,,
"458","159","1","35229","1","1933","1180094","1180095","1180094","1180095"
"459","159","2","35229","1","1933","1180096","1180095","1180096","1180095"
"460","159","3","35229","1","1933","1180097","1180095","1180097","1180095"
"461","159","4","35229","1","1933","1180098","1180095","1180098","1180095"
"462","159","5","35229","1","1933","1180099","1180095","1180099","1180095"
"463","159","6","35229","2","1933","1180100","1180095","1180100","1180095"
"464","159","7","35229","3","1933","1180101","1180095","1180101","1180095"
"465","159","8","36021","1","1933","1180102","1180095","1180102","1180095"
"466","159","9","36021","1","1933","1180103","1180095","1180103","1180095"
"467","159","10","36021","1","1933","1180104","1180095","1180104","1180095"
"468","159","11","36021","1","1933","1180105","1180095","1180105","1180095"
"469","159","12","36021","1","1933","1180106","1180095","1180106","1180095"
"470","159","13","36021","1","1933","1180107","1180095","1180107","1180095"
"471","159","14","36021","1","1933","1180108","1180109","1180108","1180109"
"472","160","1","35023","0","2058",,,,
"473","161","1","36012","1","0",,,,
"474","162","1","35023","0","2057",,,,
"475","163","1","36037","1","0",,,,
"476","164","1","35023","0","2119",,,,
"477","165","1","36040","5","626","1180188","1180189","1180188","1180189"
"478","165","2","36040","5","626","1180188","1180189","1180188","1180189"
"479","165","3","36041","3","626","1180188","1180189","1180188","1180189"
"480","165","4","36041","3","626","1180188","1180189","1180188","1180189"
"481","165","5","36042","1","626","1180188","1180189","1180188","1180189"
"482","165","6","36042","1","626","1180188","1180189","1180188","1180189"
"483","165","7","36043","1","626","1180188","1180190","1180188","1180190"
"484","166","1","35023","0","2147",,,,
"485","167","1","35023","0","2118",,,,
"486","168","1","35023","0","2168",,,,
"487","169","1","35023","0","2226",,,,
"488","170","1","36130","1","519","1180268","1180269","1180268","1180269"
"489","170","2","36130","1","519","1180270","1180269","1180270","1180269"
"490","170","3","36130","1","519","1180271","1180269","1180271","1180269"
"491","170","4","36130","1","519","1180272","1180269","1180272","1180269"
"492","170","5","36130","1","519","1180273","1180269","1180273","1180269"
"493","170","6","36130","1","519","1180274","1180269","1180274","1180269"
"494","170","7","36130","1","519","1180275","1180269","1180275","1180269"
"495","170","8","36130","1","519","1180276","1180269","1180276","1180269"
"496","170","9","36130","1","519","1180277","1180269","1180277","1180269"
"497","170","10","36130","1","519","1180278","1180269","1180278","1180269"
"498","170","11","36130","1","519","1180279","1180269","1180279","1180269"
"499","170","12","36130","1","519","1180280","1180269","1180280","1180269"
"500","170","13","36130","1","519","1180281","1180269","1180281","1180269"
"501","170","14","36130","1","519","1180282","1180283","1180282","1180283"
"502","171","1","36065","1","0",,,,
"503","172","1","36066","1","0",,,,
"504","173","1","35023","0","2230",,,,
"505","174","1","35023","0","2231",,,,
"506","175","1","35791","1","0",,,,
"507","176","1","35023","0","2247",,,,
"508","177","1","35023","0","2248",,,,
"509","178","1","35023","0","2251",,,,
"510","179","1","35791","1","0",,,,
"511","180","1","35023","0","2250",,,,
"512","181","1","35017","1","2268","1180434","1180435","1180434","1180435"
"513","181","2","35017","1","2268","1180434","1180435","1180434","1180435"
"514","181","3","35017","1","2268","1180434","1180435","1180434","1180435"
"515","181","4","35017","1","2268","1180434","1180435","1180434","1180435"
"516","181","5","35017","1","2268","1180434","1180435","1180434","1180435"
"517","181","6","35017","1","2268","1180434","1180435","1180434","1180435"
"518","181","7","35017","2","2268","1180434","1180436","1180434","1180436"
"519","182","1","35791","1","0",,,,
"520","183","1","36142","1","2277","1180445","1180446","1180445","1180446"
"521","183","2","36142","1","2277","1180445","1180446","1180445","1180446"
"522","183","3","36142","1","2277","1180445","1180446","1180445","1180446"
"523","183","4","36142","2","2277","1180445","1180446","1180445","1180446"
"524","183","5","36142","2","2277","1180445","1180446","1180445","1180446"
"525","183","6","36142","3","2277","1180445","1180446","1180445","1180446"
"526","183","7","36165","1","2277","1180445","1180447","1180445","1180447"
"527","184","1","35023","0","2276",,,,
"528","185","1","35023","0","2275",,,,
"529","186","1","36205","1","0",,,,
"530","187","1","35023","0","2297",,,,
"531","188","1","36207","1","0",,,,
"532","188","2","36207","1","0",,,,
"533","188","3","36207","1","0",,,,
"534","188","4","36207","1","0",,,,
"535","188","5","36207","1","0",,,,
"536","188","6","36207","1","0",,,,
"537","188","7","36207","1","0",,,,
"538","189","1","35465","500","0",,,,
"539","190","1","35023","0","2300",,,,
"540","191","1","35023","0","2307",,,,
"541","192","1","35017","1","2035","1180556","1180557","1180556","1180557"
"542","192","2","35017","1","2035","1180558","1180559","1180558","1180559"
"543","192","3","35017","1","2035","1180560","1180561","1180560","1180561"
"544","192","4","35017","1","2035","1180562","1180563","1180562","1180563"
"545","192","5","35017","1","2035","1180564","1180565","1180564","1180565"
"546","192","6","35017","1","2035","1180566","1180567","1180566","1180567"
"547","192","7","35017","2","2035","1180568","1180569","1180568","1180569"
"548","193","1","35023","0","2301",,,,
"549","194","1","35023","0","2319",,,,
"550","195","1","35023","0","2317",,,,
"551","196","1","36227","1","1959","1180616","1180617","1180616","1180617"
"552","196","2","36227","1","1959","1180616","1180617","1180616","1180617"
"553","196","3","36227","1","1959","1180616","1180617","1180616","1180617"
"554","196","4","36227","2","1959","1180616","1180617","1180616","1180617"
"555","196","5","36227","2","1959","1180616","1180617","1180616","1180617"
"556","196","6","36227","2","1959","1180616","1180617","1180616","1180617"
"557","196","7","36227","3","1959","1180616","1180618","1180616","1180618"
"558","197","1","35023","0","2318",,,,
"559","198","1","35023","0","2347",,,,
"560","199","1","35993","1","2035","1180673","1180674","1180673","1180674"
"561","199","2","35993","1","2035","1180673","1180674","1180673","1180674"
"562","199","3","35993","1","2035","1180673","1180674","1180673","1180674"
"563","199","4","35993","1","2035","1180673","1180674","1180673","1180674"
"564","199","5","35993","1","2035","1180673","1180674","1180673","1180674"
"565","199","6","35993","1","2035","1180673","1180674","1180673","1180674"
"566","199","7","35993","1","2035","1180673","1180675","1180673","1180675"
"567","200","1","35018","1","1402","1180687","1180688","1180687","1180688"
"568","200","2","35082","1","1402","1180687","1180688","1180687","1180688"
"569","200","3","35791","1","1402","1180687","1180688","1180687","1180688"
"570","200","4","35075","1","1402","1180687","1180688","1180687","1180688"
"571","200","5","35791","1","1402","1180687","1180688","1180687","1180688"
"572","200","6","35036","1","1402","1180687","1180688","1180687","1180688"
"573","200","7","36222","1","1402","1180687","1180689","1180687","1180689"
"574","201","1","35023","0","2367",,,,
"575","202","1","36264","1","0",,,,
"576","203","1","35023","0","2403",,,,
"577","204","1","35023","0","2402",,,,
"578","205","1","35229","1","519","1180715","1180716","1180715","1180716"
"579","205","2","35229","1","519","1180715","1180716","1180715","1180716"
"580","205","3","35229","1","519","1180715","1180716","1180715","1180716"
"581","205","4","35229","1","519","1180715","1180716","1180715","1180716"
"582","205","5","35229","2","519","1180715","1180716","1180715","1180716"
"583","205","6","35229","2","519","1180715","1180716","1180715","1180716"
"584","205","7","35229","2","519","1180715","1180717","1180715","1180717"
"585","206","1","35023","0","2417",,,,
"586","207","1","36273","1","626","1180741","1180742","1180741","1180742"
"587","207","2","36273","1","626","1180741","1180742","1180741","1180742"
"588","207","3","36273","1","626","1180741","1180742","1180741","1180742"
"589","207","4","36273","1","626","1180741","1180742","1180741","1180742"
"590","207","5","36273","1","626","1180741","1180742","1180741","1180742"
"591","207","6","36273","1","626","1180741","1180742","1180741","1180742"
"592","207","7","36273","1","626","1180741","1180743","1180741","1180743"
"593","208","1","36294","1","1402","1180750","1180751","1180750","1180751"
"594","208","2","36294","1","1402","1180750","1180751","1180750","1180751"
"595","208","3","36304","1","1402","1180750","1180751","1180750","1180751"
"596","208","4","36294","2","1402","1180750","1180751","1180750","1180751"
"597","208","5","36294","2","1402","1180750","1180751","1180750","1180751"
"598","208","6","36294","3","1402","1180750","1180769","1180750","1180769"
"599","208","7","36304","1","1402","1180750","1180752","1180750","1180752"
"600","209","1","35023","0","2422",,,,
"601","210","1","35021","5000","0",,,,
"602","211","1","36338","3","1215","1180793","1180794","1180793","1180751"
"603","211","2","36338","3","1215","1180793","1180794","1180793","1180751"
"604","211","3","36338","3","1215","1180793","1180794","1180793","1180751"
"605","211","4","36338","3","1215","1180793","1180794","1180793","1180751"
"606","211","5","36338","3","1215","1180793","1180794","1180793","1180751"
"607","211","6","36338","3","1215","1180793","1180794","1180793","1180751"
"608","211","7","36339","2","1215","1180793","1180795","1180793","1180752"
"609","212","1","35023","0","2477",,,,
"610","213","1","35023","0","2458",,,,
"611","214","1","35023","0","2459",,,,
"612","215","1","36344","1","0",,,,
"613","216","1","35023","0","2460",,,,
"614","217","1","35791","3","519","1180838","1180839","1180838","1180839"
"615","217","2","35082","1","519","1180838","1180839","1180838","1180839"
"616","217","3","35791","3","519","1180838","1180839","1180838","1180839"
"617","217","4","35036","1","519","1180838","1180839","1180838","1180839"
"618","217","5","35791","3","519","1180838","1180839","1180838","1180839"
"619","217","6","35075","1","519","1180838","1180839","1180838","1180839"
"620","217","7","36328","1","519","1180838","1180840","1180838","1180840"
"621","218","1","35023","0","2493",,,,
"622","219","1","35021","500","2326","1180797","1180798","1180797","1180798"
"623","219","2","35021","500","2326","1180799","1180800","1180799","1180800"
"624","219","3","35021","500","2326","1180801","1180802","1180801","1180802"
"625","219","4","35021","500","2326","1180803","1180804","1180803","1180804"
"626","219","5","35021","1000","2326","1180805","1180806","1180805","1180806"
"627","219","6","35021","1000","2326","1180807","1180808","1180807","1180808"
"628","219","7","35021","1000","2326","1180809","1180810","1180809","1180810"
"629","220","1","35023","0","2517",,,,
"630","221","1","35023","0","2492",,,,
"631","222","1","35023","0","2519",,,,
"632","223","1","35926","1000","2326","1180925","1180926","1180925","1180926"
"633","223","2","35926","1000","2326","1180927","1180928","1180927","1180928"
"634","223","3","35926","1000","2326","1180929","1180930","1180929","1180930"
"635","223","4","35926","1000","2326","1180931","1180932","1180931","1180932"
"636","223","5","35926","1000","2326","1180933","1180934","1180933","1180934"
"637","223","6","35926","1000","2326","1180935","1180936","1180935","1180936"
"638","223","7","35926","1000","2326","1180937","1180938","1180937","1180938"
"639","224","1","35023","0","2518",,,,
"640","225","1","35023","0","2520",,,,
"641","226","1","36364","1","519","1180940","1180941","1180940","1180941"
"642","226","2","36364","1","519","1180940","1180941","1180940","1180941"
"643","226","3","36388","1","519","1180940","1180941","1180940","1180941"
"644","226","4","36364","2","519","1180940","1180941","1180940","1180941"
"645","226","5","36364","2","519","1180940","1180941","1180940","1180941"
"646","226","6","36364","3","519","1180940","1180942","1180940","1180942"
"647","226","7","36388","1","519","1180940","1180943","1180940","1180943"
"648","227","1","35023","0","2521",,,,
"649","228","1","35021","5000","0",,,,
"650","229","1","36389","1","0",,,,
"651","229","2","36389","1","0",,,,
"652","229","3","36389","1","0",,,,
"653","229","4","36389","1","0",,,,
"654","229","5","36389","1","0",,,,
"655","229","6","36389","1","0",,,,
"656","229","7","36389","1","0",,,,
"657","230","1","35023","0","2597",,,,
"658","231","1","36407","1","626","1181017","1181018","1181017","1181018"
"659","231","2","36407","1","626","1181017","1181018","1181017","1181018"
"660","231","3","36407","1","626","1181017","1181018","1181017","1181018"
"661","231","4","36407","1","626","1181017","1181018","1181017","1181018"
"662","231","5","36407","1","626","1181017","1181018","1181017","1181018"
"663","231","6","36407","1","626","1181017","1181018","1181017","1181018"
"664","231","7","36407","2","626","1181017","1181019","1181017","1181019"
"665","232","1","35023","0","2599",,,,
"666","233","1","35023","0","2598",,,,
"667","234","1","36427","1","2326","1181087","1181088","1181087","1181088"
"668","234","2","36427","1","2326","1181087","1181088","1181087","1181088"
"669","234","3","36427","1","2326","1181087","1181088","1181087","1181088"
"670","234","4","36427","1","2326","1181087","1181088","1181087","1181088"
"671","234","5","36427","1","2326","1181087","1181088","1181087","1181088"
"672","234","6","36427","1","2326","1181087","1181088","1181087","1181088"
"673","234","7","36427","1","2326","1181087","1181089","1181087","1181089"
"674","235","1","35023","0","2600",,,,
"675","236","1","36432","1","0",,,,
"676","237","1","36434","3","2326","1181144","1181145","1181144","1181145"
"677","237","2","36434","3","2326","1181144","1181145","1181144","1181145"
"678","237","3","36434","3","2326","1181144","1181145","1181144","1181145"
"679","237","4","36434","3","2326","1181144","1181145","1181144","1181145"
"680","237","5","36434","3","2326","1181144","1181145","1181144","1181145"
"681","237","6","36434","3","2326","1181144","1181145","1181144","1181145"
"682","237","7","36434","3","2326","1181144","1181146","1181144","1181146"
"683","238","1","35023","0","2674",,,,
"684","239","1","35023","0","2675",,,,
"685","240","1","35023","0","2710",,,,
"686","241","1","36447","1","2735","1181208","1181209","1181208","1181209"
"687","241","2","36447","1","2735","1181210","1181211","1181210","1181211"
"688","241","3","36447","1","2735","1181212","1181213","1181212","1181213"
"689","241","4","36447","1","2735","1181214","1181215","1181214","1181215"
"690","241","5","36447","1","2735","1181216","1181217","1181216","1181217"
"691","241","6","36447","1","2735","1181218","1181219","1181218","1181219"
"692","241","7","36447","1","2735","1181220","1181221","1181220","1181221"
"693","242","1","35791","1","0",,,,
"694","243","1","35023","0","2677",,,,
"695","244","1","36529","1","1933","1181322","1181323","1181322","1181323"
"696","244","2","36527","1","1933","1181322","1181323","1181322","1181323"
"697","244","3","36527","1","1933","1181322","1181323","1181322","1181323"
"698","244","4","36527","1","1933","1181322","1181323","1181322","1181323"
"699","244","5","36527","1","1933","1181322","1181323","1181322","1181323"
"700","244","6","36527","1","1933","1181322","1181323","1181322","1181323"
"701","244","7","36527","1","1933","1181322","1181324","1181322","1181324"
"702","245","1","35023","0","2736",,,,
"703","246","1","35023","0","2747",,,,
"704","247","1","36548","1","520","1181372","1181373","1181372","1181373"
"705","247","2","36548","1","520","1181372","1181373","1181372","1181373"
"706","247","3","36548","1","520","1181372","1181373","1181372","1181373"
"707","247","4","36548","1","520","1181372","1181373","1181372","1181373"
"708","247","5","36548","1","520","1181372","1181373","1181372","1181373"
"709","247","6","36548","1","520","1181372","1181373","1181372","1181373"
"710","247","7","35521","1","520","1181372","1181374","1181372","1181374"
"711","248","1","36597","1","2536","1181379","1181380","1181379","1181380"
"712","248","2","36597","1","2536","1181381","1181382","1181381","1181382"
"713","248","3","36597","1","2536","1181383","1181384","1181383","1181384"
"714","248","4","36597","1","2536","1181385","1181386","1181385","1181386"
"715","248","5","36597","2","2536","1181387","1181388","1181387","1181388"
"716","248","6","36597","2","2536","1181389","1181390","1181389","1181390"
"717","248","7","36559","2","2536","1181391","1181392","1181391","1181392"
"718","249","1","35023","0","2751",,,,
"719","251","1","35023","0","2749",,,,
"720","250","1","36563","1","0",,,,
"721","252","1","35023","0","2748",,,,
"722","253","1","35023","0","2750",,,,
"723","254","1","36602","1","0",,,,
"724","255","1","35023","0","2676",,,,
"725","256","1","36621","3","519","1181480","1181481","1181480","1181481"
"726","256","2","36622","3","519","1181480","1181481","1181480","1181481"
"727","256","3","36623","3","519","1181480","1181481","1181480","1181481"
"728","256","4","36621","4","519","1181480","1181481","1181480","1181481"
"729","256","5","36622","4","519","1181480","1181481","1181480","1181481"
"730","256","6","36623","4","519","1181480","1181481","1181480","1181481"
"731","256","7","36625","5","519","1181480","1181482","1181480","1181482"
"732","257","1","35023","0","2788",,,,
"733","258","1","35229","1","2536","1181514","1181515","1181514","1181515"
"734","258","2","35229","1","2536","1181516","1181517","1181516","1181517"
"735","258","3","35229","1","2536","1181518","1181519","1181518","1181519"
"736","258","4","35229","1","2536","1181520","1181521","1181520","1181521"
"737","258","5","35229","2","2536","1181522","1181523","1181522","1181523"
"738","258","6","35229","2","2536","1181524","1181525","1181524","1181525"
"739","258","7","35229","2","2536","1181526","1181527","1181526","1181527"
"740","259","1","35023","0","2752",,,,
"741","260","1","36334","1","1402","1181536","1181537","1181536","1181537"
"742","260","2","36334","1","1402","1181536","1181537","1181536","1181537"
"743","260","3","36334","1","1402","1181536","1181537","1181536","1181537"
"744","260","4","2749","1","1402","1181536","1181537","1181536","1181537"
"745","260","5","36633","1","1402","1181536","1181537","1181536","1181537"
"746","260","6","35791","1","1402","1181536","1181537","1181536","1181537"
"747","260","7","35791","1","1402","1181536","1181538","1181536","1181538"
"748","261","1","35023","0","2836",,,,
"749","262","1","36652","1","2950","1181562","1181563","1181562","1181563"
"750","262","2","36652","1","2950","1181564","1181563","1181564","1181563"
"751","262","3","36652","1","2950","1181565","1181563","1181565","1181563"
"752","262","4","36652","1","2950","1181566","1181563","1181566","1181563"
"753","262","5","36652","1","2950","1181567","1181563","1181567","1181563"
"754","262","6","36652","1","2950","1181568","1181563","1181568","1181563"
"755","262","7","36652","1","2950","1181569","1181563","1181569","1181563"
"756","262","8","36652","1","2950","1181570","1181563","1181570","1181563"
"757","262","9","36652","1","2950","1181571","1181563","1181571","1181563"
"758","262","10","36652","1","2950","1181572","1181563","1181572","1181563"
"759","262","11","36652","1","2950","1181573","1181563","1181573","1181563"
"760","262","12","36652","1","2950","1181574","1181563","1181574","1181563"
"761","262","13","36652","1","2950","1181575","1181563","1181575","1181563"
"762","262","14","36652","1","2950","1181576","1181577","1181576","1181577"
"763","263","1","35023","0","2835",,,,
"764","264","1","35023","0","2837",,,,
"765","265","1","35023","0","2838",,,,
"766","266","1","35791","1","0",,,,
"767","267","1","35023","0","2960",,,,
"768","268","1","36689","1","1215","1181688","1181689","1181688","1180751"
"769","268","2","36689","1","1215","1181688","1181689","1181688","1180751"
"770","268","3","36689","1","1215","1181688","1181689","1181688","1180751"
"771","268","4","36689","1","1215","1181688","1181689","1181688","1180751"
"772","268","5","36689","1","1215","1181688","1181689","1181688","1180751"
"773","268","6","36689","1","1215","1181688","1181689","1181688","1180751"
"774","268","7","36689","1","1215","1181688","1181690","1181688","1180752"
"775","269","1","35023","0","2961",,,,
"776","270","1","36727","2","2826","1181711","1181712","1181711","1181712"
"777","270","2","36727","2","3024","1181713","1181714","1181713","1181714"
"778","270","3","36727","2","3025","1181715","1181716","1181715","1181716"
"779","270","4","36727","3","3026","1181717","1181718","1181717","1181718"
"780","270","5","36727","3","3027","1181719","1181720","1181719","1181720"
"781","270","6","36727","3","3028","1181721","1181722","1181721","1181722"
"782","270","7","36727","5","3029","1181723","1181724","1181723","1181724"
"783","271","1","36717","3","0",,,,
"784","271","2","36717","3","0",,,,
"785","271","3","36717","3","0",,,,
"786","271","4","36717","3","0",,,,
"787","271","5","36717","3","0",,,,
"788","271","6","36717","3","0",,,,
"789","271","7","36717","3","0",,,,
"790","272","1","35023","0","2963",,,,
"791","273","1","31536","1","0",,,,
"792","274","1","35023","0","2962",,,,
"793","275","1","36334","1","2326","1181785","1181786","1181785","1181786"
"794","275","2","36334","1","2326","1181785","1181786","1181785","1181786"
"795","275","3","4","1","2326","1181785","1181786","1181785","1181786"
"796","275","4","36734","1","2326","1181785","1181786","1181785","1181786"
"797","275","5","36334","1","2326","1181785","1181786","1181785","1181786"
"798","275","6","35791","1","2326","1181785","1181786","1181785","1181786"
"799","275","7","35791","2","2326","1181785","1181787","1181785","1181787"
"800","276","1","35023","0","3012",,,,
"801","277","1","35023","0","3013",,,,
"802","278","1","35023","0","3014",,,,
"803","279","1","36738","1","3077","1181838","1181839","1181838","1181839"
"804","279","2","36739","1","3077","1181838","1181839","1181838","1181839"
"805","279","3","36740","1","3077","1181838","1181839","1181838","1181839"
"806","279","4","36738","1","3077","1181838","1181839","1181838","1181839"
"807","279","5","36739","1","3077","1181838","1181839","1181838","1181839"
"808","279","6","36740","1","3077","1181838","1181839","1181838","1181839"
"809","279","7","35018","1","3077","1181838","1181840","1181838","1181840"
"810","280","1","35023","0","3015",,,,
"811","281","1","36754","1","0",,,,
"812","282","1","35023","0","3016",,,,
"813","283","1","35229","2","3121","1181847","1181848","1181847","1181848"
"814","283","2","35229","2","3121","1181849","1181850","1181849","1181850"
"815","283","3","35993","1","3121","1181851","1181852","1181851","1181852"
"816","283","4","35229","2","3121","1181853","1181854","1181853","1181854"
"817","283","5","35229","2","3121","1181855","1181856","1181855","1181856"
"818","283","6","35229","2","3121","1181857","1181858","1181857","1181858"
"819","283","7","35993","1","3121","1181859","1181860","1181859","1181860"
"820","284","1","36771","3","0",,,,
"821","284","2","36771","3","0",,,,
"822","284","3","36771","3","0",,,,
"823","284","4","36771","3","0",,,,
"824","284","5","36771","3","0",,,,
"825","284","6","36771","3","0",,,,
"826","284","7","36771","3","0",,,,
"827","285","1","35023","0","3132",,,,
"828","286","1","35021","500","3133","1181874","1181875","1181874","1181875"
"829","286","2","35021","500","3133","1181874","1181875","1181874","1181875"
"830","286","3","35021","500","3133","1181874","1181875","1181874","1181875"
"831","286","4","35021","500","3133","1181874","1181875","1181874","1181875"
"832","286","5","35021","1000","3133","1181874","1181875","1181874","1181875"
"833","286","6","35021","1000","3133","1181874","1181875","1181874","1181875"
"834","286","7","35021","1000","3133","1181874","1181876","1181874","1181876"
"835","287","1","35023","0","3017",,,,
"836","288","1","35023","0","3134",,,,
"837","289","1","35023","0","3128",,,,
"838","290","1","36334","1","2536","1181969","1181970","1181969","1181970"
"839","290","2","36334","1","2536","1181971","1181972","1181971","1181972"
"840","290","3","36334","1","2536","1181973","1181974","1181973","1181974"
"841","290","4","36334","1","2536","1181975","1181976","1181975","1181976"
"842","290","5","36334","1","2536","1181977","1181978","1181977","1181978"
"843","290","6","36334","1","2536","1181979","1181980","1181979","1181980"
"844","290","7","35993","1","2536","1181981","1181982","1181981","1181982"
"845","291","1","35023","0","3135",,,,
"846","292","1","35791","1","3172","1182008","1182009","1182008","1182009"
"847","292","2","35791","1","3172","1182010","1182011","1182010","1182011"
"848","292","3","3247","1","3172","1182012","1182013","1182012","1182013"
"849","292","4","36803","1","3172","1182014","1182015","1182014","1182015"
"850","292","5","35791","1","3172","1182016","1182017","1182016","1182017"
"851","292","6","35791","1","3172","1182018","1182019","1182018","1182019"
"852","292","7","35791","2","3172","1182020","1182021","1182020","1182021"
"853","293","1","35023","0","3136",,,,
"854","294","1","35023","0","3137",,,,
"855","295","1","35023","0","3158",,,,
"856","296","1","35791","1","519","1182037","1182038","1182037","1182038"
"857","296","2","35791","1","519","1182037","1182038","1182037","1182038"
"858","296","3","35791","1","519","1182037","1182038","1182037","1182038"
"859","296","4","35791","1","519","1182037","1182038","1182037","1182038"
"860","296","5","35791","1","519","1182037","1182038","1182037","1182038"
"861","296","6","35791","1","519","1182037","1182038","1182037","1182038"
"862","296","7","35791","1","519","1182037","1182039","1182037","1182039"
"863","297","1","35023","0","3184",,,,
"864","298","1","35023","0","3185",,,,
"865","299","1","35926","500","0",,,,
"866","300","1","36826","1","1933","1182067","1182068","1182067","1182068"
"867","300","2","36826","1","1933","1182067","1182068","1182067","1182068"
"868","300","3","36826","1","1933","1182067","1182068","1182067","1182068"
"869","300","4","35018","1","1933","1182067","1182068","1182067","1182068"
"870","300","5","36826","1","1933","1182067","1182068","1182067","1182068"
"871","300","6","36826","1","1933","1182067","1182068","1182067","1182068"
"872","300","7","36826","1","1933","1182067","1182069","1182067","1182069"
"873","301","1","35021","500","3055","1182040","1182041","1182040","1182041"
"874","301","2","35021","500","3055","1182042","1182043","1182042","1182043"
"875","301","3","35021","500","3055","1182044","1182045","1182044","1182045"
"876","301","4","35021","500","3055","1182046","1182047","1182046","1182047"
"877","301","5","35021","1000","3055","1182048","1182049","1182048","1182049"
"878","301","6","35021","1000","3055","1182050","1182051","1182050","1182051"
"879","301","7","35021","1000","3204","1182052","1182053","1182052","1182053"
"880","302","1","35023","0","3201",,,,
"881","303","1","36845","4","0",,,,
"882","303","2","36845","4","0",,,,
"883","303","3","36845","4","0",,,,
"884","303","4","36845","4","0",,,,
"885","303","5","36845","4","0",,,,
"886","304","1","35023","0","3187",,,,
"887","305","1","36855","1","0",,,,
"888","307","1","35023","0","3235",,,,
"889","306","1","36856","1","3055","1182155","1182156","1182155","1182156"
"890","306","2","36856","1","3055","1182157","1182158","1182157","1182158"
"891","306","3","36856","1","3055","1182159","1182160","1182159","1182160"
"892","306","4","36856","1","3055","1182161","1182162","1182161","1182162"
"893","306","5","36856","1","3055","1182163","1182164","1182163","1182164"
"894","306","6","36856","1","3055","1182165","1182166","1182165","1182166"
"895","306","7","36856","1","3204","1182167","1182168","1182167","1182168"
"896","308","1","35023","0","3236",,,,
"897","309","1","36875","3","0",,,,
"898","309","2","36875","3","0",,,,
"899","309","3","36875","3","0",,,,
"900","309","4","36875","3","0",,,,
"901","309","5","36875","3","0",,,,
"902","309","6","36875","3","0",,,,
"903","309","7","36875","3","0",,,,
"904","309","8","36875","3","0",,,,
"905","310","1","35023","0","3237",,,,
"906","311","1","36890","1","0",,,,
"907","311","2","36890","1","0",,,,
"908","311","3","36890","1","0",,,,
"909","311","4","36890","1","0",,,,
"910","311","5","36890","1","0",,,,
"911","311","1","36890","1","0",,,,
"912","311","2","36890","1","0",,,,
"913","311","3","36890","1","0",,,,
"914","311","4","36890","1","0",,,,
"915","311","5","36890","1","0",,,,
"916","311","1","36890","1","0",,,,
"917","311","2","36890","1","0",,,,
"918","311","3","36890","1","0",,,,
"919","311","4","36890","1","0",,,,
"920","312","1","36880","10","3055","1182201","1182202","1182201","1182202"
"921","312","2","36880","10","3055","1182203","1182204","1182203","1182204"
"922","312","3","35993","1","3055","1182205","1182206","1182205","1182206"
"923","312","4","36880","20","3055","1182207","1182208","1182207","1182208"
"924","312","5","36880","30","3055","1182209","1182210","1182209","1182210"
"925","312","6","36880","30","3055","1182211","1182212","1182211","1182212"
"926","312","7","35993","1","3204","1182213","1182214","1182213","1182214"
"927","313","1","35023","0","3238",,,,
"928","314","1","35023","0","3336",,,,
"929","315","1","35023","0","3239",,,,
"930","316","1","36897","1","0",,,,
"931","317","1","35023","0","3368",,,,
"932","318","1","35023","0","3338",,,,
"933","319","1","36901","1","3373","1182277","1182278","1182277","1182278"
"934","319","2","36901","1","3373","1182279","1182280","1182279","1182280"
"935","319","3","36901","1","3373","1182281","1182282","1182281","1182282"
"936","319","4","36901","1","3373","1182283","1182284","1182283","1182284"
"937","319","5","36901","2","3373","1182285","1182286","1182285","1182286"
"938","319","6","36901","2","3373","1182287","1182288","1182287","1182288"
"939","319","7","36901","2","3373","1182289","1182290","1182289","1182290"
"940","320","1","35023","0","3337",,,,
"941","321","1","36912","3","0",,,,
"942","322","1","35023","0","3186",,,,
"943","323","1","36927","1","3373","1182360","1182361","1182360","1182361"
"944","323","2","36927","1","3373","1182362","1182361","1182362","1182361"
"945","323","3","36927","1","3373","1182362","1182361","1182362","1182361"
"946","323","4","36927","1","3373","1182362","1182361","1182362","1182361"
"947","323","5","36927","1","3373","1182362","1182361","1182362","1182361"
"948","323","6","36927","1","3373","1182362","1182361","1182362","1182361"
"949","323","7","36927","1","3373","1182362","1182390","1182362","1182390"
"950","324","1","36906","1","0",,,,
"951","325","1","35023","0","3374",,,,
"952","326","1","35023","0","3393",,,,
"953","327","1","35553","2","2326","1182464","1182465","1182464","1182465"
"954","327","2","35553","2","2326","1182464","1182465","1182464","1182465"
"955","327","3","35553","2","2326","1182464","1182465","1182464","1182465"
"956","327","4","35553","3","2326","1182464","1182465","1182464","1182465"
"957","327","5","35553","3","2326","1182464","1182465","1182464","1182465"
"958","327","6","35553","4","2326","1182464","1182465","1182464","1182465"
"959","327","7","35018","1","2326","1182464","1182466","1182464","1182466"
"960","328","1","35023","0","3394",,,,
"961","329","1","36952","1","2536","1182541","1182542","1182541","1182542"
"962","329","2","36952","1","2536","1182541","1182542","1182541","1182542"
"963","329","3","36952","1","2536","1182541","1182542","1182541","1182542"
"964","329","4","36952","1","2536","1182541","1182542","1182541","1182542"
"965","329","5","36952","1","2536","1182541","1182542","1182541","1182542"
"966","329","6","36952","1","2536","1182541","1182542","1182541","1182542"
"967","329","7","36952","1","2536","1182541","1182543","1182541","1182543"
"968","330","1","35023","0","3395",,,,
"969","331","1","35023","0","3396",,,,
"970","332","1","35021","500","3244","1182402","1182403","1182402","1182403"
"971","332","2","35021","500","3244","1182404","1182405","1182404","1182405"
"972","332","3","35021","500","3244","1182406","1182407","1182406","1182407"
"973","332","4","35021","500","3244","1182408","1182409","1182408","1182409"
"974","332","5","35021","1000","3244","1182410","1182411","1182410","1182411"
"975","332","6","35021","1000","3244","1182412","1182413","1182412","1182413"
"976","332","7","35021","1000","3433","1182414","1182415","1182414","1182415"
"977","333","1","36957","4","0",,,,
"978","333","2","36957","4","0",,,,
"979","333","3","36957","4","0",,,,
"980","333","4","36957","4","0",,,,
"981","333","5","36957","4","0",,,,
"982","334","1","35023","0","3240",,,,
"983","335","1","35630","1","519","1182564","1182565","1182564","1182565"
"984","335","2","35699","1","519","1182564","1182565","1182564","1182565"
"985","335","3","35725","1","519","1182564","1182565","1182564","1182565"
"986","335","4","35746","1","519","1182564","1182565","1182564","1182565"
"987","335","5","35781","1","519","1182564","1182565","1182564","1182565"
"988","335","6","35783","1","519","1182564","1182565","1182564","1182565"
"989","335","7","35785","1","519","1182564","1182566","1182564","1182566"
"990","336","1","35044","1","0",,,,
"991","336","2","35063","1","0",,,,
"992","336","3","35107","20","0",,,,
"993","336","4","35044","2","0",,,,
"994","336","5","35063","2","0",,,,
"995","336","6","35107","30","0",,,,
"996","336","7","37000","1","0",,,,
"997","337","1","35023","0","3456",,,,
"998","338","1","36971","1","3467","1182607","1182608","1182607","1182608"
"999","338","2","36971","1","3467","1182609","1182610","1182609","1182610"
"1000","338","3","36971","1","3467","1182611","1182612","1182611","1182612"
"1001","338","4","36971","1","3467","1182613","1182614","1182613","1182614"
"1002","338","5","36971","1","3467","1182615","1182616","1182615","1182616"
"1003","338","6","36971","1","3467","1182617","1182618","1182617","1182618"
"1004","338","7","36971","1","3467","1182619","1182620","1182619","1182620"
"1005","339","1","35023","0","3455",,,,
"1006","340","1","35038","1","0",,,,
"1007","340","2","35055","1","0",,,,
"1008","340","3","35108","20","0",,,,
"1009","340","4","35038","2","0",,,,
"1010","340","5","35055","2","0",,,,
"1011","340","6","35108","30","0",,,,
"1012","340","7","37001","1","0",,,,
"1013","341","1","35023","0","3457",,,,
"1014","342","1","36965","1","3244","1182729","1182730","1182729","1182730"
"1015","342","2","36965","1","3244","1182731","1182732","1182731","1182732"
"1016","342","3","35229","4","3244","1182733","1182734","1182733","1182734"
"1017","342","4","36965","1","3244","1182735","1182736","1182735","1182736"
"1018","342","5","36965","1","3244","1182737","1182738","1182737","1182738"
"1019","342","6","36965","1","3244","1182739","1182740","1182739","1182740"
"1020","342","7","35229","6","3433","1182741","1182742","1182741","1182742"
"1021","343","1","35023","0","3489",,,,
"1022","344","1","37117","1","600","1182757","1182758","1182757","1182758"
"1023","344","2","37117","1","600","1182757","1182758","1182757","1182758"
"1024","344","3","37117","1","600","1182757","1182758","1182757","1182758"
"1025","344","4","37117","1","600","1182757","1182758","1182757","1182758"
"1026","344","5","37117","1","600","1182757","1182758","1182757","1182758"
"1027","344","6","37117","1","600","1182757","1182758","1182757","1182758"
"1028","344","7","37117","1","600","1182757","1182759","1182757","1182759"
"1029","345","1","37133","3","0",,,,
"1030","345","2","37133","3","0",,,,
"1031","345","3","37133","3","0",,,,
"1032","345","4","37133","3","0",,,,
"1033","345","5","37133","3","0",,,,
"1034","345","6","37133","3","0",,,,
"1035","345","7","37133","3","0",,,,
"1036","346","1","37135","1","1263","1182763","1182764","1182763","1182764"
"1037","346","2","37135","1","1263","1182763","1182764","1182763","1182764"
"1038","346","3","37135","1","1263","1182763","1182764","1182763","1182764"
"1039","346","4","37135","1","1263","1182763","1182764","1182763","1182764"
"1040","346","5","37135","1","1263","1182763","1182764","1182763","1182764"
"1041","346","6","37135","1","1263","1182763","1182764","1182763","1182764"
"1042","346","7","37135","1","1263","1182763","1182765","1182763","1182765"
"1043","347","1","35023","0","3490",,,,
"1044","348","1","36938","1","0",,,,
"1045","348","2","36939","1","0",,,,
"1046","348","3","36934","20","0",,,,
"1047","348","4","36938","2","0",,,,
"1048","348","5","36939","2","0",,,,
"1049","348","6","36934","30","0",,,,
"1050","348","7","37019","1","0",,,,
"1051","349","1","35023","0","3491",,,,
"1052","350","1","35023","0","3492",,,,
"1053","351","1","37150","1","3628","1182815","1182816","1182815","1182816"
"1054","351","2","37150","1","3628","1182817","1182816","1182817","1182816"
"1055","351","3","37150","1","3628","1182818","1182816","1182818","1182816"
"1056","351","4","37150","1","3628","1182819","1182816","1182819","1182816"
"1057","351","5","37150","2","3628","1182820","1182816","1182820","1182816"
"1058","351","6","37150","2","3628","1182821","1182816","1182821","1182816"
"1059","351","7","37151","2","3628","1182822","1182823","1182822","1182823"
"1060","352","1","37145","1","0",,,,
"1061","352","2","37145","1","0",,,,
"1062","352","3","37145","1","0",,,,
"1063","352","4","37145","1","0",,,,
"1064","352","5","37145","1","0",,,,
"1065","352","6","37145","1","0",,,,
"1066","352","7","37145","1","0",,,,
"1067","353","1","35855","1","0",,,,
"1068","353","2","35856","1","0",,,,
"1069","353","3","35851","20","0",,,,
"1070","353","4","35855","2","0",,,,
"1071","353","5","35856","2","0",,,,
"1072","353","6","35851","30","0",,,,
"1073","353","7","37012","1","0",,,,
"1074","354","1","35023","0","3493",,,,
"1075","355","1","35023","0","3622",,,,
"1076","356","1","37181","3","0",,,,
"1077","357","1","35021","5000","0",,,,
"1078","358","1","1530","1","0",,,,
"1079","359","1","37220","1","3651","1182922","1182923","1182922","1182923"
"1080","359","2","37220","1","3651","1182922","1182923","1182922","1182923"
"1081","359","3","37220","1","3651","1182922","1182923","1182922","1182923"
"1082","359","4","37220","1","3651","1182922","1182923","1182922","1182923"
"1083","359","5","37220","1","3651","1182922","1182923","1182922","1182923"
"1084","359","6","37220","1","3651","1182922","1182923","1182922","1182923"
"1085","359","7","37220","1","3651","1182922","1182924","1182922","1182924"
"1086","360","1","37208","1","0",,,,
"1087","361","1","35023","0","3645",,,,
"1088","362","1","35023","0","3494",,,,
"1089","363","1","35043","1","0",,,,
"1090","363","2","35056","1","0",,,,
"1091","363","3","35111","20","0",,,,
"1092","363","4","35043","2","0",,,,
"1093","363","5","35056","2","0",,,,
"1094","363","6","35111","30","0",,,,
"1095","363","7","37004","1","0",,,,
"1096","364","1","35023","0","3647",,,,
"1097","365","1","35021","500","3606","1182999","1183000","1182999","1183000"
"1098","365","2","35021","500","3606","1183001","1183002","1183001","1183002"
"1099","365","3","35021","500","3606","1183003","1183004","1183003","1183004"
"1100","365","4","35021","500","3606","1183005","1183006","1183005","1183006"
"1101","365","5","35021","1000","3606","1183007","1183008","1183007","1183008"
"1102","365","6","35021","1000","3606","1183009","1183010","1183009","1183010"
"1103","365","7","35021","1000","3606","1183011","1183012","1183011","1183012"
"1104","366","1","37224","4","0",,,,
"1105","366","2","37224","4","0",,,,
"1106","366","3","37224","4","0",,,,
"1107","366","4","37224","4","0",,,,
"1108","366","5","37224","4","0",,,,
"1109","367","1","35023","0","3646",,,,
"1110","368","1","35313","1","0",,,,
"1111","368","2","35314","1","0",,,,
"1112","368","3","35316","20","0",,,,
"1113","368","4","35313","2","0",,,,
"1114","368","5","35314","2","0",,,,
"1115","368","6","35316","30","0",,,,
"1116","368","7","37009","1","0",,,,
"1117","369","1","35023","0","3649",,,,
"1118","370","1","37248","1","3121","1183080","1183081","1183080","1183081"
"1119","370","2","37248","1","3121","1183082","1183081","1183082","1183081"
"1120","370","3","37248","1","3121","1183083","1183081","1183083","1183081"
"1121","370","4","37248","1","3121","1183084","1183081","1183084","1183081"
"1122","370","5","37248","1","3121","1183085","1183081","1183085","1183081"
"1123","370","6","37248","1","3121","1183086","1183081","1183086","1183081"
"1124","370","7","37248","1","3121","1183087","1183081","1183087","1183081"
"1125","370","8","37248","1","3121","1183088","1183081","1183088","1183081"
"1126","370","9","37248","1","3121","1183089","1183081","1183089","1183081"
"1127","370","10","37248","1","3121","1183090","1183081","1183090","1183081"
"1128","370","11","37248","1","3121","1183091","1183081","1183091","1183081"
"1129","370","12","37248","1","3121","1183092","1183081","1183092","1183081"
"1130","370","13","37248","1","3121","1183093","1183081","1183093","1183081"
"1131","370","14","37248","1","3121","1183094","1183095","1183094","1183095"
"1132","371","1","35023","0","3648",,,,
"1133","372","1","37252","1","0",,,,
"1134","372","2","37253","1","0",,,,
"1135","372","3","37254","1","0",,,,
"1136","372","4","37252","1","0",,,,
"1137","372","5","37253","1","0",,,,
"1138","372","6","37254","1","0",,,,
"1139","373","1","35039","1","0",,,,
"1140","373","2","35059","1","0",,,,
"1141","373","3","35103","20","0",,,,
"1142","373","4","35039","2","0",,,,
"1143","373","5","35059","2","0",,,,
"1144","373","6","35103","30","0",,,,
"1145","373","7","36996","1","0",,,,
"1146","374","1","35023","0","3650",,,,
"1147","375","1","37255","1","1049","1183140","1183141","1183140","1183141"
"1148","375","2","37255","1","1049","1183140","1183141","1183140","1183141"
"1149","375","3","37255","1","1049","1183140","1183141","1183140","1183141"
"1150","375","4","37255","1","1049","1183140","1183141","1183140","1183141"
"1151","375","5","37255","1","1049","1183140","1183141","1183140","1183141"
"1152","375","6","37255","1","1049","1183140","1183141","1183140","1183141"
"1153","375","7","37255","1","1049","1183140","1183142","1183140","1183142"
"1154","376","1","35023","0","3702",,,,
"1155","377","1","35023","0","3703",,,,
"1156","378","1","35791","1","3766","1183171","1183172","1183171","1183172"
"1157","378","2","35791","1","3766","1183171","1183172","1183171","1183172"
"1158","378","3","4119","1","3766","1183171","1183172","1183171","1183172"
"1159","378","4","36334","2","3766","1183171","1183172","1183171","1183172"
"1160","378","5","36334","3","3766","1183171","1183172","1183171","1183172"
"1161","378","6","35886","1","3766","1183171","1183172","1183171","1183172"
"1162","378","7","35791","1","3766","1183171","1183173","1183171","1183173"
"1163","379","1","35791","1","0",,,,
"1164","380","1","35791","1","1206","1183177","1183178","1183177","1183178"
"1165","380","2","37276","1","1206","1183177","1183178","1183177","1183178"
"1166","380","3","35791","1","1206","1183177","1183178","1183177","1183178"
"1167","380","4","37276","1","1206","1183177","1183178","1183177","1183178"
"1168","380","5","35791","1","1206","1183177","1183178","1183177","1183178"
"1169","380","6","35964","1","1206","1183177","1183178","1183177","1183178"
"1170","380","7","35791","1","1206","1183177","1183179","1183177","1183179"
"1171","381","1","35791","1","2326","1183220","1183221","1183220","1183221"
"1172","381","2","37286","1","2326","1183220","1183221","1183220","1183221"
"1173","381","3","35791","1","2326","1183220","1183221","1183220","1183221"
"1174","381","4","37286","1","2326","1183220","1183221","1183220","1183221"
"1175","381","5","35791","1","2326","1183220","1183221","1183220","1183221"
"1176","381","6","35966","1","2326","1183220","1183221","1183220","1183221"
"1177","381","7","35791","1","2326","1183220","1183222","1183220","1183222"
"1178","382","1","35023","0","3704",,,,
"1179","383","1","37319","2","721","1183223","1183224","1183223","1183224"
"1180","383","2","37319","2","721","1183223","1183224","1183223","1183224"
"1181","383","3","37319","2","721","1183223","1183224","1183223","1183224"
"1182","383","4","37319","2","721","1183223","1183224","1183223","1183224"
"1183","383","5","37319","2","721","1183223","1183224","1183223","1183224"
"1184","383","6","36019","1","721","1183223","1183224","1183223","1183224"
"1185","383","7","35791","1","721","1183223","1183225","1183223","1183225"
"1186","384","1","35040","1","0",,,,
"1187","384","2","35061","1","0",,,,
"1188","384","3","35104","20","0",,,,
"1189","384","4","35040","2","0",,,,
"1190","384","5","35061","2","0",,,,
"1191","384","6","35104","30","0",,,,
"1192","384","7","36997","1","0",,,,
"1193","385","1","35023","0","3705",,,,
"1194","386","1","35023","100000","3055","1183260","1183261","1183260","1183261"
"1195","386","2","35004","7","3055","1183260","1183261","1183260","1183261"
"1196","386","3","35791","1","3055","1183260","1183261","1183260","1183261"
"1197","386","4","35791","1","3055","1183260","1183261","1183260","1183261"
"1198","386","5","35791","1","3055","1183260","1183261","1183260","1183261"
"1199","386","6","36067","1","3055","1183260","1183261","1183260","1183261"
"1200","386","7","35791","1","3055","1183260","1183262","1183260","1183262"
"1201","387","1","35955","1","0",,,,
"1202","387","2","35956","1","0",,,,
"1203","387","3","35951","20","0",,,,
"1204","387","4","35955","2","0",,,,
"1205","387","5","35956","2","0",,,,
"1206","387","6","35951","30","0",,,,
"1207","387","7","37013","1","0",,,,
"1208","388","1","35023","0","3707",,,,
"1209","389","1","35021","500","3480","1183192","1183193","1183192","1183193"
"1210","389","2","35021","500","3480","1183194","1183195","1183194","1183195"
"1211","389","3","35021","500","3480","1183196","1183197","1183196","1183197"
"1212","389","4","35021","500","3480","1183198","1183199","1183198","1183199"
"1213","389","5","35021","1000","3480","1183200","1183201","1183200","1183201"
"1214","389","6","35021","1000","3480","1183202","1183203","1183202","1183203"
"1215","389","7","35021","1000","3827","1183204","1183205","1183204","1183205"
"1216","390","1","35023","0","3706",,,,
"1217","391","1","37340","4","0",,,,
"1218","391","2","37340","4","0",,,,
"1219","391","3","37340","4","0",,,,
"1220","391","4","37340","4","0",,,,
"1221","391","5","37340","4","0",,,,
"1222","392","1","36703","1","0",,,,
"1223","392","2","36704","1","0",,,,
"1224","392","3","36699","20","0",,,,
"1225","392","4","36703","2","0",,,,
"1226","392","5","36704","2","0",,,,
"1227","392","6","36699","30","0",,,,
"1228","392","7","37017","1","0",,,,
"1229","393","1","35023","0","3821",,,,
"1230","394","1","37351","1","2536","1183319","1183320","1183319","1183320"
"1231","394","2","37351","1","2536","1183319","1183320","1183319","1183320"
"1232","394","3","37351","1","2536","1183319","1183320","1183319","1183320"
"1233","394","4","37351","1","2536","1183319","1183320","1183319","1183320"
"1234","394","5","37351","1","2536","1183319","1183320","1183319","1183320"
"1235","394","6","37351","1","2536","1183319","1183320","1183319","1183320"
"1236","394","7","37351","1","2536","1183319","1183321","1183319","1183321"
"1237","395","1","35023","0","3820",,,,
"1238","396","1","35023","0","3823",,,,
"1239","397","1","37158","1","3606","1183334","1183335","1183334","1183335"
"1240","397","2","37159","1","3606","1183336","1183337","1183336","1183337"
"1241","397","3","37158","2","3606","1183338","1183339","1183338","1183339"
"1242","397","4","37159","2","3606","1183340","1183341","1183340","1183341"
"1243","397","5","37158","3","3606","1183342","1183343","1183342","1183343"
"1244","397","6","37159","3","3606","1183344","1183345","1183344","1183345"
"1245","397","7","37367","4","3606","1183346","1183347","1183346","1183347"
"1246","398","1","37368","1","3889","1183348","1183349","1183348","1183349"
"1247","398","2","37368","1","3889","1183348","1183349","1183348","1183349"
"1248","398","3","37368","1","3889","1183348","1183349","1183348","1183349"
"1249","398","4","37368","1","3889","1183348","1183349","1183348","1183349"
"1250","398","5","37368","1","3889","1183348","1183349","1183348","1183349"
"1251","398","6","37368","1","3889","1183348","1183349","1183348","1183349"
"1252","398","7","37368","1","3889","1183348","1183350","1183348","1183350"
"1253","399","1","37366","3","0",,,,
"1254","400","1","37371","1","3172","1183351","1183352","1183351","1183352"
"1255","400","2","37371","1","3172","1183351","1183352","1183351","1183352"
"1256","400","3","37371","1","3172","1183351","1183352","1183351","1183352"
"1257","400","4","37371","1","3172","1183351","1183352","1183351","1183352"
"1258","400","5","37371","1","3172","1183351","1183352","1183351","1183352"
"1259","400","6","37371","1","3172","1183351","1183352","1183351","1183352"
"1260","400","7","37371","1","3172","1183351","1183353","1183351","1183353"
"1261","401","1","35243","1","0",,,,
"1262","401","2","35244","1","0",,,,
"1263","401","3","35246","20","0",,,,
"1264","401","4","35243","2","0",,,,
"1265","401","5","35244","2","0",,,,
"1266","401","6","35246","30","0",,,,
"1267","401","7","37008","1","0",,,,
"1268","402","1","35023","0","3822",,,,
"1269","403","1","35458","1","0",,,,
"1270","403","2","35459","1","0",,,,
"1271","403","3","35454","20","0",,,,
"1272","403","4","35458","2","0",,,,
"1273","403","5","35459","2","0",,,,
"1274","403","6","35454","30","0",,,,
"1275","403","7","37010","1","0",,,,
"1276","404","1","35023","0","3824",,,,
"1277","405","1","37375","1","0",,,,
"1278","406","1","35023","0","3825",,,,
"1279","407","1","37409","1","3897","1183417","1183418","1183417","1183418"
"1280","407","2","37409","1","3897","1183419","1183420","1183419","1183420"
"1281","407","3","37409","1","3897","1183421","1183422","1183421","1183422"
"1282","407","4","37409","1","3897","1183423","1183424","1183423","1183424"
"1283","407","5","37409","1","3897","1183425","1183426","1183425","1183426"
"1284","407","6","37409","1","3897","1183427","1183428","1183427","1183428"
"1285","407","7","37409","1","3897","1183429","1183430","1183429","1183430"
"1286","408","1","35023","0","3826",,,,
"1287","409","1","35018","1","0",,,,
"1288","409","2","36966","3","0",,,,
"1289","409","3","36966","3","0",,,,
"1290","409","4","36966","3","0",,,,
"1291","409","5","37190","1","0",,,,
"1292","410","1","37396","1","0",,,,
"1293","410","2","37396","1","0",,,,
"1294","410","3","37396","1","0",,,,
"1295","410","4","37396","1","0",,,,
"1296","410","5","37396","1","0",,,,
"1297","410","6","37396","1","0",,,,
"1298","410","7","37396","1","0",,,,
"1299","411","1","37420","1","3940","1183457","1183458","1183457","1183458"
"1300","411","2","37420","1","3940","1183459","1183460","1183459","1183460"
"1301","411","3","37420","1","3940","1183461","1183462","1183461","1183462"
"1302","411","4","37420","1","3940","1183463","1183464","1183463","1183464"
"1303","411","5","37420","1","3940","1183465","1183466","1183465","1183466"
"1304","411","6","37420","1","3940","1183467","1183468","1183467","1183468"
"1305","411","7","37420","1","3940","1183469","1183470","1183469","1183470"
"1306","412","1","35041","1","0",,,,
"1307","412","2","35060","1","0",,,,
"1308","412","3","35109","20","0",,,,
"1309","412","4","35041","2","0",,,,
"1310","412","5","35060","2","0",,,,
"1311","412","6","35109","30","0",,,,
"1312","412","7","37002","1","0",,,,
"1313","413","1","35023","0","3941",,,,
"1314","414","1","35045","1","0",,,,
"1315","414","2","35062","1","0",,,,
"1316","414","3","35105","20","0",,,,
"1317","414","4","35045","2","0",,,,
"1318","414","5","35062","2","0",,,,
"1319","414","6","35105","30","0",,,,
"1320","414","7","36998","1","0",,,,
"1321","415","1","35023","0","3942",,,,
"1322","416","1","36334","1","1049","1183571","1183572","1183571","1183572"
"1323","416","2","36334","1","1049","1183571","1183572","1183571","1183572"
"1324","416","3","36334","1","1049","1183571","1183572","1183571","1183572"
"1325","416","4","36334","1","1049","1183571","1183572","1183571","1183572"
"1326","416","5","36334","1","1049","1183571","1183572","1183571","1183572"
"1327","416","6","36334","1","1049","1183571","1183572","1183571","1183572"
"1328","416","7","35018","1","1049","1183571","1183573","1183571","1183573"
"1329","417","1","37297","1","0",,,,
"1330","417","2","37298","1","0",,,,
"1331","417","3","37293","20","0",,,,
"1332","417","4","37297","2","0",,,,
"1333","417","5","37298","2","0",,,,
"1334","417","6","37293","30","0",,,,
"1335","417","7","37431","1","0",,,,
"1336","418","1","35023","0","3943",,,,
"1337","419","1","36966","2","0",,,,
"1338","419","2","36966","2","0",,,,
"1339","419","3","36966","2","0",,,,
"1340","419","4","36966","2","0",,,,
"1341","419","5","36966","2","0",,,,
"1342","419","6","36966","2","0",,,,
"1343","420","1","36537","1","0",,,,
"1344","420","2","36538","1","0",,,,
"1345","420","3","36533","20","0",,,,
"1346","420","4","36537","2","0",,,,
"1347","420","5","36538","2","0",,,,
"1348","420","6","36533","30","0",,,,
"1349","420","7","37016","1","0",,,,
"1350","421","1","35023","0","3944",,,,
"1351","422","1","35023","0","3945",,,,
"1352","423","1","37450","1","4025","1183599","1183600","1183599","1183600"
"1353","423","2","37450","1","4025","1183601","1183602","1183601","1183602"
"1354","423","3","37450","1","4025","1183603","1183604","1183603","1183604"
"1355","423","4","37450","1","4025","1183605","1183606","1183605","1183606"
"1356","423","5","37450","1","4025","1183607","1183608","1183607","1183608"
"1357","423","6","37450","1","4025","1183609","1183610","1183609","1183610"
"1358","423","7","37450","1","4025","1183611","1183612","1183611","1183612"
"1359","424","1","37452","1","4026","1183613","1183614","1183613","1183614"
"1360","424","2","37452","1","4026","1183615","1183616","1183615","1183616"
"1361","424","3","37452","1","4026","1183617","1183618","1183617","1183618"
"1362","424","4","37452","1","4026","1183619","1183620","1183619","1183620"
"1363","424","5","37452","1","4026","1183621","1183622","1183621","1183622"
"1364","424","6","37452","1","4026","1183623","1183624","1183623","1183624"
"1365","424","7","37452","1","4026","1183625","1183626","1183625","1183626"
"1366","425","1","35046","1","0",,,,
"1367","425","2","35065","1","0",,,,
"1368","425","3","35112","20","0",,,,
"1369","425","4","35046","2","0",,,,
"1370","425","5","35065","2","0",,,,
"1371","425","6","35112","30","0",,,,
"1372","425","7","37005","1","0",,,,
"1373","426","1","35023","0","4062",,,,
"1374","427","1","35023","0","4063",,,,
"1375","428","1","36966","1","4069","1183843","1183844","1183843","1183844"
"1376","428","2","36966","1","4069","1183845","1183846","1183845","1183846"
"1377","428","3","37513","4","4069","1183847","1183848","1183847","1183848"
"1378","428","4","36966","1","4069","1183849","1183850","1183849","1183850"
"1379","428","5","36966","1","4069","1183851","1183852","1183851","1183852"
"1380","428","6","36966","1","4069","1183853","1183854","1183853","1183854"
"1381","428","7","37513","6","4069","1183855","1183856","1183855","1183856"
"1382","429","1","37517","3","0",,,,
"1383","429","2","37517","3","0",,,,
"1384","429","3","37517","3","0",,,,
"1385","429","4","37517","3","0",,,,
"1386","429","5","37517","3","0",,,,
"1387","429","6","37517","3","0",,,,
"1388","429","7","37517","3","0",,,,
"1389","430","1","4492","1","4091","1183889","1183890","1183889","1183890"
"1390","430","2","37526","1","4091","1183891","1183892","1183891","1183892"
"1391","430","3","37526","1","4091","1183893","1183894","1183893","1183894"
"1392","430","4","37526","1","4091","1183895","1183896","1183895","1183896"
"1393","430","5","37526","1","4091","1183897","1183898","1183897","1183898"
"1394","430","6","37526","1","4091","1183899","1183900","1183899","1183900"
"1395","430","7","37526","1","4091","1183901","1183902","1183901","1183902"
"1396","431","1","37524","1","0",,,,
"1397","432","1","35023","0","4064",,,,
"1398","433","1","36153","1","0",,,,
"1399","433","1","36154","1","0",,,,
"1400","433","20","36149","20","0",,,,
"1401","433","2","36153","2","0",,,,
"1402","433","2","36154","2","0",,,,
"1403","433","30","36149","30","0",,,,
"1404","433","1","37014","1","0",,,,
"1405","434","1","35023","0","4065",,,,
"1406","435","1","35042","1","0",,,,
"1407","435","2","35058","1","0",,,,
"1408","435","3","35106","20","0",,,,
"1409","435","4","35042","2","0",,,,
"1410","435","5","35058","2","0",,,,
"1411","435","6","35106","30","0",,,,
"1412","435","7","36999","1","0",,,,
"1413","436","1","35023","0","4066",,,,
"1414","437","1","37551","3","0",,,,
"1415","437","2","37551","3","0",,,,
"1416","437","3","37551","3","0",,,,
"1417","437","4","37551","3","0",,,,
"1418","437","5","37551","3","0",,,,
"1419","437","6","37551","3","0",,,,
"1420","437","7","37551","3","0",,,,
"1421","437","8","37551","3","0",,,,
"1422","438","1","35023","0","4093",,,,
"1423","439","1","35179","1","0",,,,
"1424","439","2","35180","1","0",,,,
"1425","439","3","35178","20","0",,,,
"1426","439","4","35179","2","0",,,,
"1427","439","5","35180","2","0",,,,
"1428","439","6","35178","30","0",,,,
"1429","439","7","37007","1","0",,,,
"1430","440","1","35023","0","4068",,,,
"1431","441","1","35023","0","4067",,,,
"1432","442","1","35021","500","3858","1183931","1183932","1183931","1183932"
"1433","442","2","35021","500","3858","1183933","1183934","1183933","1183934"
"1434","442","3","35021","500","3858","1183935","1183936","1183935","1183936"
"1435","442","4","35021","500","3858","1183937","1183938","1183937","1183938"
"1436","442","5","35021","1000","3858","1183939","1183940","1183939","1183940"
"1437","442","6","35021","1000","3858","1183941","1183942","1183941","1183942"
"1438","442","7","35021","1000","3858","1183943","1183944","1183943","1183944"
"1439","443","1","35023","0","3864",,,,
"1440","444","1","37583","1","0",,,,
"1441","444","2","37583","1","0",,,,
"1442","444","3","37583","1","0",,,,
"1443","444","4","37583","1","0",,,,
"1444","444","5","37583","1","0",,,,
"1445","444","6","37583","1","0",,,,
"1446","444","7","37583","1","0",,,,
"1447","445","1","37582","4","0",,,,
"1448","445","2","37582","4","0",,,,
"1449","445","3","37582","4","0",,,,
"1450","445","4","37582","4","0",,,,
"1451","445","5","37582","4","0",,,,
"1452","446","1","36809","1","0",,,,
"1453","446","2","36810","1","0",,,,
"1454","446","3","36805","20","0",,,,
"1455","446","4","36809","2","0",,,,
"1456","446","5","36810","2","0",,,,
"1457","446","6","36805","30","0",,,,
"1458","446","7","37018","1","0",,,,
"1459","447","1","35023","0","4148",,,,
"1460","448","1","37590","1","3244","1184040","1184041","1184040","1184041"
"1461","448","2","37590","1","3244","1184042","1184043","1184042","1184043"
"1462","448","3","37590","1","3244","1184044","1184045","1184044","1184045"
"1463","448","4","37590","1","3244","1184046","1184047","1184046","1184047"
"1464","448","5","37590","1","3244","1184048","1184049","1184048","1184049"
"1465","448","6","37590","1","3244","1184050","1184051","1184050","1184051"
"1466","448","7","37590","1","3244","1184052","1184053","1184052","1184053"
"1467","449","1","37595","1","1215","1184069","1184070","1184069","1184070"
"1468","449","2","37595","1","1215","1184069","1184070","1184069","1184070"
"1469","449","3","37595","1","1215","1184069","1184070","1184069","1184070"
"1470","449","4","37595","1","1215","1184069","1184070","1184069","1184070"
"1471","449","5","37595","1","1215","1184069","1184070","1184069","1184070"
"1472","449","6","37595","1","1215","1184069","1184070","1184069","1184070"
"1473","449","7","37595","1","1215","1184069","1184071","1184069","1184071"
"1474","451","1","37601","1","0",,,,
"1475","450","1","35023","0","4150",,,,
"1476","452","1","35689","1","0",,,,
"1477","452","2","35690","1","0",,,,
"1478","452","3","35685","20","0",,,,
"1479","452","4","35689","2","0",,,,
"1480","452","5","35690","2","0",,,,
"1481","452","6","35685","30","0",,,,
"1482","452","7","37011","1","0",,,,
"1483","453","1","35023","0","4149",,,,
"1484","454","1","35037","1","0",,,,
"1485","454","2","35064","1","0",,,,
"1486","454","3","35110","20","0",,,,
"1487","454","4","35037","2","0",,,,
"1488","454","5","35064","2","0",,,,
"1489","454","6","35110","30","0",,,,
"1490","454","7","37003","1","0",,,,
"1491","455","1","35023","0","4151",,,,
"1492","456","1","37596","1","0",,,,
"1493","456","2","37596","1","0",,,,
"1494","456","3","37596","1","0",,,,
"1495","456","4","37596","1","0",,,,
"1496","456","5","37596","1","0",,,,
"1497","456","6","37596","1","0",,,,
"1498","456","7","37596","1","0",,,,
"1499","457","1","35023","0","4152",,,,
"1500","458","1","36965","1","4176","1376259","1376260","1376259","1376260"
"1501","458","2","36965","1","4176","1376261","1376262","1376261","1376262"
"1502","458","3","35229","2","4176","1376263","1376264","1376263","1376264"
"1503","458","4","36965","1","4176","1376265","1376266","1376265","1376266"
"1504","458","5","36965","1","4176","1376267","1376268","1376267","1376268"
"1505","458","6","36965","1","4176","1376269","1376270","1376269","1376270"
"1506","458","7","35229","3","4176","1376271","1376272","1376271","1376272"
"1507","459","1","37619","1","0",,,,
"1508","459","2","37619","1","0",,,,
"1509","459","3","37619","1","0",,,,
"1510","459","4","37619","1","0",,,,
"1511","459","5","37619","1","0",,,,
"1512","459","6","37619","1","0",,,,
"1513","459","7","37619","1","0",,,,
"1514","460","1","37625","3","0",,,,
"1515","460","2","37625","3","0",,,,
"1516","460","3","37625","3","0",,,,
"1517","460","4","37625","3","0",,,,
"1518","460","5","37625","3","0",,,,
"1519","460","6","37625","3","0",,,,
"1520","460","7","37625","3","0",,,,
"1521","461","1","35023","0","4153",,,,
"1522","462","1","37628","2","4069","1376275","1376276","1376275","1376276"
"1523","462","2","37297","2","4069","1376275","1376276","1376275","1376276"
"1524","462","3","37298","2","4069","1376275","1376276","1376275","1376276"
"1525","462","4","37628","4","4069","1376275","1376276","1376275","1376276"
"1526","462","5","37297","3","4069","1376275","1376276","1376275","1376276"
"1527","462","6","37298","3","4069","1376275","1376276","1376275","1376276"
"1528","462","7","37628","4","4069","1376275","1376277","1376275","1376277"
"1529","463","1","35122","1","0",,,,
"1530","463","2","35123","1","0",,,,
"1531","463","3","35125","20","0",,,,
"1532","463","4","35122","2","0",,,,
"1533","463","5","35123","2","0",,,,
"1534","463","6","35125","30","0",,,,
"1535","463","7","37006","1","0",,,,
"1536","464","1","35023","0","4154",,,,
"1537","465","1","35023","0","4155",,,,
"1538","466","1","37634","1","3858","1376279","1376280","1376279","1376280"
"1539","466","2","37634","1","3858","1376281","1376282","1376281","1376282"
"1540","466","3","37634","1","3858","1376283","1376284","1376283","1376284"
"1541","466","4","37634","1","3858","1376285","1376286","1376285","1376286"
"1542","466","5","37634","1","3858","1376287","1376288","1376287","1376288"
"1543","466","6","37634","1","3858","1376289","1376290","1376289","1376290"
"1544","466","7","37634","1","3858","1376291","1376292","1376291","1376292"
"1545","467","1","36283","1","0",,,,
"1546","467","2","36284","1","0",,,,
"1547","467","3","36279","20","0",,,,
"1548","467","4","36283","2","0",,,,
"1549","467","5","36284","2","0",,,,
"1550","467","6","36279","30","0",,,,
"1551","467","7","37015","1","0",,,,
"1552","468","1","35023","0","4156",,,,
"1553","469","1","37638","1","4026","1376294","1376295","1376294","1376295"
"1554","469","2","37638","1","4026","1376294","1376295","1376294","1376295"
"1555","469","3","37638","1","4026","1376294","1376295","1376294","1376295"
"1556","469","4","37638","1","4026","1376294","1376295","1376294","1376295"
"1557","469","5","37638","1","4026","1376294","1376295","1376294","1376295"
"1558","469","6","37638","1","4026","1376294","1376295","1376294","1376295"
"1559","469","7","37638","1","4026","1376294","1376296","1376294","1376296"
"1560","470","1","35023","0","4373",,,,
"1561","471","1","37688","1","4383","1376297","1376298","1376297","1376298"
"1562","471","2","37688","1","4383","1376297","1376298","1376297","1376298"
"1563","471","3","37688","1","4383","1376297","1376298","1376297","1376298"
"1564","471","4","37688","1","4383","1376297","1376298","1376297","1376298"
"1565","471","5","37688","1","4383","1376297","1376298","1376297","1376298"
"1566","471","6","37688","1","4383","1376297","1376298","1376297","1376298"
"1567","471","7","37688","1","4383","1376297","1376299","1376297","1376299"
"1568","472","1","35886","1","519","1376303","1376304","1376303","1376304"
"1569","472","2","35964","1","519","1376303","1376304","1376303","1376304"
"1570","472","3","35966","1","519","1376303","1376304","1376303","1376304"
"1571","472","4","36019","1","519","1376303","1376304","1376303","1376304"
"1572","472","5","36067","1","519","1376303","1376304","1376303","1376304"
"1573","472","6","36071","1","519","1376303","1376304","1376303","1376304"
"1574","472","7","36073","1","519","1376303","1376305","1376303","1376305"
"1575","473","1","35044","1","0",,,,
"1576","473","2","35063","1","0",,,,
"1577","473","3","35107","20","0",,,,
"1578","473","4","35044","2","0",,,,
"1579","473","5","35063","2","0",,,,
"1580","473","6","35107","30","0",,,,
"1581","473","7","37000","1","0",,,,
"1582","474","1","35023","0","4375",,,,
"1583","475","1","37832","1","4492","1376306","1376307","1376306","1376307"
"1584","475","2","37832","1","4492","1376308","1376309","1376308","1376309"
"1585","475","3","37832","1","4492","1376310","1376311","1376310","1376311"
"1586","475","4","37832","1","4492","1376312","1376313","1376312","1376313"
"1587","475","5","37832","1","4492","1376314","1376315","1376314","1376315"
"1588","475","6","37832","1","4492","1376316","1376317","1376316","1376317"
"1589","475","7","37832","1","4606","1376318","1376319","1376318","1376319"
"1590","476","1","35023","0","4374",,,,
"1591","477","1","37854","4","1959","1376321","1376322","1376321","1376322"
"1592","477","2","37854","4","1959","1376323","1376324","1376323","1376324"
"1593","477","3","37854","4","1959","1376325","1376326","1376325","1376326"
"1594","477","4","36444","1","1959","1376327","1376328","1376327","1376328"
"1595","477","5","37854","4","1959","1376329","1376330","1376329","1376330"
"1596","477","6","37854","4","1959","1376331","1376332","1376331","1376332"
"1597","477","7","37005","1","1959","1376333","1376334","1376333","1376334"
"1598","478","1","35023","0","4377",,,,
"1599","479","1","35038","1","0",,,,
"1600","479","2","35055","1","0",,,,
"1601","479","3","35108","20","0",,,,
"1602","479","4","35038","2","0",,,,
"1603","479","5","35055","2","0",,,,
"1604","479","6","35108","30","0",,,,
"1605","479","7","37001","1","0",,,,
"1606","480","1","35023","0","4376",,,,
"1607","481","1","37158","1","0",,,,
"1608","481","2","37159","1","0",,,,
"1609","481","3","37154","20","0",,,,
"1610","481","4","37158","2","0",,,,
"1611","481","5","37159","2","0",,,,
"1612","481","6","37154","30","0",,,,
"1613","481","7","37547","1","0",,,,
"1614","482","1","35023","0","4378",,,,
"1615","483","1","37865","3","0",,,,
"1616","483","2","37865","3","0",,,,
"1617","483","3","37865","3","0",,,,
"1618","483","4","37865","3","0",,,,
"1619","483","5","37865","3","0",,,,
"1620","483","6","37865","3","0",,,,
"1621","483","7","37865","3","0",,,,
"1622","484","1","35023","0","4379",,,,
"1623","485","1","37893","1","4644","1376338","1376339","1376338","1376339"
"1624","485","2","37893","1","4644","1376338","1376339","1376338","1376339"
"1625","485","3","37893","1","4644","1376338","1376339","1376338","1376339"
"1626","485","4","37893","1","4644","1376338","1376339","1376338","1376339"
"1627","485","5","37893","1","4644","1376338","1376339","1376338","1376339"
"1628","485","6","37893","1","4644","1376338","1376339","1376338","1376339"
"1629","485","7","37893","1","4644","1376338","1376340","1376338","1376340"
