"1","198174","1",,"2018-11-18 11:59:59","0",
"2","198175","2","2017-11-15 12:00:00","2017-12-04 03:59:59","1",
"3","198499","2","2017-12-04 17:00:00","2017-12-14 03:59:59","0",
"4","198174","1","2017-12-12 13:00:00","2017-12-26 03:59:59","1",
"5","198174","1","2017-12-26 17:00:00","2018-01-10 03:59:59","1",
"6","198174","3","2018-01-18 17:00:00","2018-02-01 03:59:59","1",
"7","198174","1","2018-01-18 17:00:00","2018-02-01 03:59:59","1",
"8","198174","3","2018-01-30 00:00:00","2018-01-30 23:59:59","1",
"9","198499","2","2018-02-01 15:00:00","2018-02-07 23:59:59","0",
"10","198174","3","2018-02-08 15:00:00","2018-02-22 03:59:59","1",
"11","198174","1","2018-02-08 15:00:00","2018-02-22 03:59:59","0",
"12","198174","3","2018-02-23 00:00:00","2018-02-23 23:59:59","1",
"13","198174","3","2018-03-22 15:00:00","2018-03-29 11:59:59","1",
"14","198174","1","2018-03-22 15:00:00","2018-04-06 03:59:59","1",
"15","198174","3","2018-03-24 00:00:00","2018-03-24 23:59:59","1",
"16","198174","3","2018-04-12 14:00:00","2018-04-26 03:59:59","1",
"17","198174","1","2018-04-12 14:00:00","2018-04-26 03:59:59","1",
"18","198174","3","2018-04-26 14:00:00","2018-05-01 23:59:59","1",
"19","198824","2","2018-04-26 14:00:00","2018-05-01 23:59:59","1",
"20","198174","3","2018-05-02 14:00:00","2018-05-10 03:59:59","1",
"21","198174","1","2018-05-02 14:00:00","2018-05-10 03:59:59","1",
"22","198174","1","2018-05-02 14:00:00","2018-05-10 03:59:59","1",
"23","198174","1","2018-05-17 14:00:00","2018-05-24 03:59:59","1",
"24","198174","1","2018-05-24 14:00:00","2018-05-31 12:59:59","1",
"25","198174","3","2018-05-24 14:00:00","2018-05-31 12:59:59","1",
"26","198174","3","2018-05-25 00:00:00","2018-05-25 23:59:59","1",
"27","198174","3","2018-06-06 00:00:00","2018-06-06 23:59:59","1",
"28","198889","2","2018-06-14 13:30:00","2018-06-21 03:59:59","1",
"29","198174","3","2018-06-21 13:30:00","2018-06-28 03:59:59","1",
"30","198499","2","2018-06-28 13:30:00","2018-07-04 23:59:59","0",
"31","198174","3","2018-07-05 13:30:00","2018-07-19 03:59:59","1",
"32","198174","1","2018-07-05 13:30:00","2018-07-19 03:59:59","1",
"33","198174","3","2018-07-07 00:00:00","2018-07-07 23:59:59","1",
"34","198174","3","2018-07-19 13:30:00","2018-07-25 23:59:59","1",
"35","198174","3","2018-07-26 13:30:00","2018-08-01 03:59:59","1",
"36","198975","2","2018-07-26 13:30:00","2018-08-01 03:59:59","1",
"37","198174","3","2018-08-05 00:00:00","2018-08-05 23:59:59","1",
"38","198174","1","2018-08-09 13:30:00","2018-08-23 03:59:59","1",
"39","198174","3","2018-08-09 13:30:00","2018-08-16 12:59:59","1",
"40","198174","3","2018-08-19 00:00:00","2018-08-19 23:59:59","1",
"41","198499","2","2018-08-23 13:30:00","2018-08-29 23:59:59","0",
"42","198174","3","2018-09-19 13:30:00","2018-09-27 03:59:59","1",
"43","198174","3","2018-09-20 00:00:00","2018-09-20 23:59:59","1",
"44","198174","3","2018-09-27 13:30:00","2018-10-11 03:59:59","1",
"45","198174","1","2018-09-27 13:30:00","2018-10-11 03:59:59","1",
"46","199056","2","2018-09-22 12:30:00","2018-09-25 03:59:59","1",
"47","199057","2","2018-09-19 13:30:00","2018-09-27 03:59:59","1",
"48","199058","2","2018-09-13 13:30:00","2018-09-18 23:59:59","1",
"49","198174","1","2018-10-11 13:30:00","2018-10-25 03:59:59","1",
"50","198174","3","2018-10-11 13:30:00","2018-10-25 03:59:59","1",
"51","198174","3","2018-10-15 00:00:00","2018-10-15 23:59:59","1",
"52","198174","3","2018-10-25 13:30:00","2018-11-01 12:59:59","1",
"53","198174","3","2018-11-05 15:00:00","2018-11-19 23:59:59","1",
"54","198174","3","2018-11-08 13:30:00","2018-11-14 23:59:59","1",
"55","198499","2","2018-11-08 13:30:00","2018-11-14 23:59:59","0",
"56","198174","3","2018-11-15 13:30:00","2018-11-18 12:59:59","1",
"57","198174","3","2018-11-19 00:00:00","2018-11-25 23:59:59","1",
"58","198174","1",,,"0","99"
"59","198174","3","2018-11-18 14:00:00","2018-11-29 03:59:59","1",
"60","198174","1","2018-11-18 14:00:00","2018-11-29 03:59:59","1",
"61","199280","2","2018-11-22 13:30:00","2018-11-29 03:59:59","1",
"62","198174","3","2018-12-20 13:30:00","2018-12-27 03:59:59","1",
"64","198174","3","2018-12-01 00:00:00","2018-12-07 23:59:59","1",
"65","198174","3","2018-12-13 13:30:00","2018-12-27 03:59:59","1",
"66","198174","1","2018-12-13 13:30:00","2018-12-27 03:59:59","1",
"67","199358","2","2018-12-20 13:30:00","2018-12-27 03:59:59","1",
"68","199359","2","2018-12-20 13:30:00","2018-12-27 03:59:59","1",
"69","199360","2","2018-12-20 13:30:00","2018-12-27 03:59:59","1",
"70","199361","2","2018-12-20 13:30:00","2018-12-27 03:59:59","1",
"71","199362","2","2018-12-20 13:30:00","2018-12-27 03:59:59","1",
"72","199363","2","2018-12-20 13:30:00","2018-12-27 03:59:59","1",
"73","199364","2","2018-12-20 13:30:00","2018-12-27 03:59:59","1",
"74","199365","2","2018-12-20 13:30:00","2018-12-27 03:59:59","1",
"75","199366","2","2018-12-20 13:30:00","2018-12-27 03:59:59","1",
"76","199367","2","2018-12-20 13:30:00","2018-12-27 03:59:59","1",
"77","198174","3","2019-01-01 00:00:00","2019-01-11 03:59:59","1",
"78","198174","1","2018-12-27 13:30:00","2019-01-11 03:59:59","1",
"79","198499","2","2019-01-11 13:30:00","2019-01-17 23:59:59","0",
"80","198174","3","2019-01-18 13:30:00","2019-01-31 03:59:59","1",
"81","198174","3","2019-01-24 13:30:00","2019-01-31 03:59:59","1",
"82","198174","3","2019-01-30 00:00:00","2019-02-05 23:59:59","1",
"83","198174","3","2019-02-07 13:30:00","2019-02-21 03:59:59","1",
"84","198174","1","2019-02-07 13:30:00","2019-02-21 03:59:59","1",
"85","198174","3","2019-02-11 00:00:00","2019-02-17 23:59:59","1",
"86","198174","3","2019-02-14 13:30:00","2019-02-28 03:59:59","1",
"87","198174","1","2019-02-14 13:30:00","2019-02-28 03:59:59","1",
"88","198174","3","2019-02-23 00:00:00","2019-03-01 23:59:59","1",
"89","198174","3","2019-02-28 13:30:00","2019-03-14 03:59:59","1",
"90","198174","1","2019-02-28 13:30:00","2019-03-14 03:59:59","1",
"91","198499","2","2019-03-07 13:30:00","2019-03-13 23:59:59","0",
"92","198174","3","2019-03-14 13:30:00","2019-03-27 03:59:59","1",
"93","198174","1","2019-03-14 13:30:00","2019-03-27 03:59:59","1",
"94","198174","3","2019-03-20 13:30:00","2019-04-04 03:59:59","1",
"95","198174","1","2019-03-20 13:30:00","2019-04-04 03:59:59","1",
"96","198174","3","2019-03-24 00:00:00","2019-03-30 23:59:59","1",
"97","198174","3","2019-03-27 09:30:00","2019-04-04 03:59:59","1",
"98","199590","2","2019-03-27 09:30:00","2019-04-04 03:59:59","1",
"99","199591","2","2019-03-27 09:30:00","2019-04-04 03:59:59","1",
"100","199592","2","2019-03-27 09:30:00","2019-04-04 03:59:59","1",
"101","199600","2","2019-03-27 09:30:00","2019-04-04 03:59:59","1",
"102","199605","2","2019-03-27 09:30:00","2019-04-04 03:59:59","1",
"103","199606","2","2019-03-27 09:30:00","2019-04-04 03:59:59","1",
"104","199607","2","2019-03-27 09:30:00","2019-04-04 03:59:59","1",
"105","199608","2","2019-03-27 09:30:00","2019-04-04 03:59:59","1",
"106","198174","3","2019-04-01 00:00:00","2019-04-01 23:59:59","1",
"107","198174","3","2019-04-01 00:00:00","2019-04-01 23:59:59","1",
"108","198174","3","2019-04-11 13:30:00","2019-04-25 03:59:59","1",
"109","198174","1","2019-04-11 13:30:00","2019-04-25 03:59:59","1",
"110","198174","3","2019-04-18 13:30:00","2019-04-25 03:59:59","1",
"111","198174","3","2019-04-23 00:00:00","2019-04-29 23:59:59","1",
"112","198174","3","2019-04-25 13:30:00","2019-05-09 03:59:59","1",
"113","198499","1","2019-04-25 13:30:00","2019-05-01 23:59:59","0",
"114","198174","3","2019-05-05 00:00:00","2019-05-11 23:59:59","1",
"115","198174","3","2019-05-23 13:30:00","2019-05-30 03:59:59","1",
"116","198174","1","2019-05-23 13:30:00","2019-06-07 03:59:59","1",
"117","198174","3","2019-05-25 00:00:00","2019-05-31 23:59:59","1",
"118","198174","3","2019-05-30 13:30:00","2019-06-07 12:59:59","1",
"119","198174","3","2019-06-06 00:00:00","2019-06-12 23:59:59","1",
"120","198174","1","2019-06-14 10:30:00","2019-06-26 03:59:59","1",
"121","198174","3","2019-06-14 10:30:00","2019-06-26 03:59:59","1",
"122","198174","3","2019-06-26 13:30:00","2019-07-04 03:59:59","1",
"123","198174","3","2019-07-07 00:00:00","2019-07-13 23:59:59","1",
"124","198174","1","2019-07-04 13:30:00","2019-07-11 03:59:59","1",
"125","198499","1","2019-07-04 13:30:00","2019-07-10 23:59:59","0",
"126","198174","3","2019-07-11 13:30:00","2019-07-18 03:59:59","1",
"127","198174","1","2019-07-11 13:30:00","2019-07-18 03:59:59","1",
"128","198174","3","2019-07-18 13:30:00","2019-07-31 12:59:59","1",
"129","198174","1","2019-07-18 13:30:00","2019-07-31 12:59:59","1",
"130","198174","3","2019-07-25 13:30:00","2019-08-07 12:59:59","1",
"131","198174","3","2019-07-31 13:30:00","2019-08-07 03:59:59","1",
"132","198174","3","2019-08-05 00:00:00","2019-08-11 23:59:59","1",
"133","198499","1","2019-07-31 13:30:00","2019-08-06 23:59:59","0",
"134","198174","3","2019-08-07 13:30:00","2019-08-22 03:59:59","1","2"
"135","198174","1","2019-08-07 13:30:00","2019-08-22 03:59:59","1","3"
"136","198174","3","2019-08-19 00:00:00","2019-08-25 23:59:59","1","1"
"137","198174","3","2019-08-22 13:30:00","2019-08-29 12:59:00","1","1"
"138","198174","3","2019-09-05 13:30:00","2019-09-19 03:59:59","1","2"
"139","198174","3","2019-09-15 00:00:00","2019-09-19 23:59:59","1","1"
"140","198174","3","2019-09-20 00:00:00","2019-09-26 23:59:59","1","1"
"141","198174","3","2019-09-19 13:30:00","2019-09-26 12:59:59","1","2"
"142","198174","3","2019-10-09 13:30:00","2019-10-17 03:59:59","1","2"
"143","1179839","1","2019-10-09 13:30:00","2019-10-17 03:59:59","1","100"
"144","198174","3","2019-10-15 00:00:00","2019-10-21 23:59:59","1","1"
"145","198174","3","2019-10-17 13:30:00","2019-10-30 23:59:59","1","1"
"146","198174","3","2019-10-31 13:30:00","2019-11-14 03:59:59","1","1"
"147","198174","1","2019-10-31 13:30:00","2019-11-14 03:59:59","1","2"
"148","198174","3","2019-11-19 00:00:00","2019-11-25 23:59:59","1","1"
"149","198174","3","2019-11-14 11:30:00","2019-11-29 03:59:59","1","1"
"150","198174","1","2019-11-14 11:30:00","2019-11-29 03:59:59","1","2"
"151","198174","3","2019-11-23 14:30:00","2019-11-29 03:59:59","1","3"
"152","198174","3","2019-11-23 14:30:00","2019-12-23 11:59:59","1","4"
"153","198499","1","2019-11-29 11:30:00","2019-12-04 23:59:59","0","5"
"154","198174","3","2019-12-01 00:00:00","2019-12-07 23:59:59","1","1"
"155","198174","3","2019-12-05 13:30:00","2019-12-17 12:59:59","1","2"
"156","198174","1","2019-12-05 13:30:00","2019-12-17 12:59:59","1","3"
"157","198174","3","2019-12-17 13:30:00","2019-12-26 03:59:59","1","1"
"158","1180080","1","2019-12-17 13:30:00","2019-12-26 03:59:59","0","2"
"159","198174","1","2019-12-26 13:30:00","2020-01-09 03:59:59","1","2"
"160","198174","3","2020-01-01 00:00:00","2020-01-07 23:59:59","1","3"
"161","1180110","1","2019-12-26 13:30:00","2020-01-09 12:59:59","0","100"
"162","198174","3","2019-12-26 13:30:00","2020-01-09 03:59:59","1","1"
"163","198499","1","2020-01-09 13:30:00","2020-01-15 23:59:59","0","5"
"164","198174","3","2020-01-22 13:30:00","2020-01-29 03:59:59","1","1"
"165","198174","1","2020-01-29 13:30:00","2020-02-06 12:59:59","1","3"
"166","198174","3","2020-01-29 13:30:00","2020-02-06 12:59:59","1","2"
"167","198174","3","2020-01-30 00:00:00","2020-02-05 23:59:59","1","1"
"168","198174","3","2020-02-11 00:00:00","2020-02-17 23:59:59","1","1"
"169","198174","3","2020-02-13 13:30:00","2020-02-27 03:59:59","1","2"
"170","198174","1","2020-02-13 13:30:00","2020-02-27 03:59:59","1","3"
"171","1180337","1","2020-02-20 13:30:00","2020-02-27 03:59:59","1","5"
"172","1180337","1","2020-02-20 13:30:00","2020-02-27 03:59:59","1","5"
"173","198174","3","2020-02-23 00:00:00","2020-02-29 23:59:59","1","1"
"174","198174","3","2020-02-27 13:30:00","2020-03-05 12:59:59","1","2"
"175","1180383","1","2020-02-27 13:30:00","2020-03-05 12:59:59","0","5"
"176","198174","3","2020-03-05 13:30:00","2020-03-17 03:59:59","1","2"
"177","198174","3","2020-03-11 00:00:00","2020-03-17 03:59:59","1","3"
"178","198174","3","2020-03-17 15:00:00","2020-03-25 03:59:59","1","2"
"179","1180409","1","2020-03-17 15:00:00","2020-03-25 03:59:59","0","5"
"180","198174","3","2020-03-24 00:00:00","2020-03-30 23:59:59","1","1"
"181","198174","1","2020-03-17 15:00:00","2020-03-25 03:59:59","1","2"
"182","1180437","1","2020-03-25 13:30:00","2020-03-30 12:59:59","0","5"
"183","198174","1","2020-03-30 15:00:00","2020-04-14 12:59:59","1","3"
"184","198174","3","2020-03-30 15:00:00","2020-04-14 12:59:59","1","2"
"185","198174","3","2020-03-31 00:00:00","2020-04-06 23:59:59","1","1"
"186","198499","1","2020-04-14 13:30:00","2020-04-20 23:59:59","0","5"
"187","198174","3","2020-04-14 13:30:00","2020-04-21 12:59:59","1","2"
"188","1179839","1","2020-04-21 13:30:00","2020-04-30 03:59:59","1","99"
"189","1180570","1","2020-04-21 13:30:00","2020-04-30 03:59:59","0","100"
"190","198174","3","2020-04-23 00:00:00","2020-04-29 23:59:59","1","1"
"191","198174","3","2020-04-30 11:30:00","2020-05-18 03:59:59","1","2"
"192","198174","1","2020-04-30 11:30:00","2020-05-18 03:59:59","1","3"
"193","198174","3","2020-05-05 00:00:00","2020-05-11 23:59:59","1","1"
"194","198174","3","2020-05-25 00:00:00","2020-05-31 23:59:59","1","1"
"195","198174","3","2020-05-18 13:30:00","2020-05-28 12:59:59","1","2"
"196","198174","1","2020-05-18 13:30:00","2020-05-28 12:59:59","1","3"
"197","198174","3","2020-05-28 13:30:00","2020-06-11 03:59:59","1","2"
"198","198174","3","2020-06-06 00:00:00","2020-06-12 23:59:59","1","1"
"199","198174","1","2020-05-28 13:30:00","2020-06-11 03:59:59","1","3"
"200","198174","1","2020-06-14 23:00:00","2020-07-02 03:59:59","1","3"
"201","198174","3","2020-06-17 13:15:00","2020-06-23 23:59:59","1","2"
"202","198499","1","2020-06-17 13:15:00","2020-06-23 23:59:59","0","5"
"203","198174","3","2020-06-24 13:15:00","2020-07-02 03:59:59","1","2"
"204","198174","3","2020-07-07 00:00:00","2020-07-13 23:59:59","1","1"
"205","198174","1","2020-07-02 13:15:00","2020-07-09 03:59:59","1","3"
"206","198174","3","2020-07-09 13:15:00","2020-07-15 23:59:59","1","2"
"207","198174","1","2020-07-09 13:15:00","2020-07-15 23:59:59","1","3"
"208","198174","1","2020-07-16 13:15:00","2020-07-30 23:59:59","1","2"
"209","198174","3","2020-07-16 13:15:00","2020-07-30 23:59:59","1","1"
"210","1180775","1","2020-07-22 14:00:00","2020-07-30 23:59:59","1","5"
"211","198174","1","2020-07-31 13:00:00","2020-08-07 03:59:59","1","5"
"212","198174","3","2020-07-31 00:00:00","2020-08-06 23:59:59","1","2"
"213","198174","3","2020-08-05 00:00:00","2020-08-11 23:59:59","1","1"
"214","198174","3","2020-08-07 12:00:00","2020-08-17 23:59:59","1","3"
"215","198499","1","2020-08-11 13:00:00","2020-08-17 23:59:59","0","5"
"216","198174","3","2020-08-19 00:00:00","2020-08-25 23:59:59","1","1"
"217","198174","1","2020-08-18 11:15:00","2020-09-29 03:59:59","1","3"
"218","198174","3","2020-08-26 22:00:00","2020-09-10 03:59:59","1","1"
"219","198174","1","2020-08-26 22:00:00","2020-09-10 03:59:59","1","2"
"220","198174","3","2020-09-15 00:00:00","2020-09-21 23:59:59","1","1"
"221","198174","3","2020-09-10 13:15:00","2020-09-17 03:59:59","1","1"
"222","198174","3","2020-09-20 00:00:00","2020-09-26 23:59:59","1","1"
"223","198174","1","2020-09-17 13:15:00","2020-09-29 12:59:59","1","2"
"224","198174","3","2020-09-17 13:15:00","2020-09-29 12:59:59","1","1"
"225","198174","3","2020-09-23 12:15:00","2020-09-29 12:59:59","1","1"
"226","198174","1","2020-09-29 13:15:00","2020-10-14 23:59:59","1","2"
"227","198174","3","2020-09-29 13:15:00","2020-10-14 23:59:59","1","1"
"228","1180939","1","2020-10-07 13:15:00","2020-10-14 23:59:59","1","99"
"229","1179839","1","2020-10-07 13:15:00","2020-10-14 23:59:59","1","100"
"230","198174","3","2020-10-15 00:00:00","2020-10-21 23:59:59","1","1"
"231","198174","1","2020-10-15 12:00:00","2020-10-29 03:59:59","1","3"
"232","198174","3","2020-10-24 00:00:00","2020-10-30 23:59:59","1","1"
"233","198174","3","2020-10-22 13:15:00","2020-10-28 23:59:59","1","2"
"234","198174","1","2020-10-29 13:15:00","2020-11-05 12:59:59","1","2"
"235","198174","3","2020-10-29 13:15:00","2020-11-17 03:59:59","1","1"
"236","1181093","1","2020-10-29 13:15:00","2020-11-14 23:59:59","0","100"
"237","198174","1","2020-11-05 13:15:00","2020-11-17 03:59:59","1","5"
"238","198174","3","2020-11-05 13:15:00","2020-11-17 03:59:59","1","1"
"239","198174","3","2020-11-19 00:00:00","2020-11-25 23:59:59","1","1"
"240","198174","3","2020-11-17 11:15:00","2020-11-30 12:59:59","1","1"
"241","198174","1","2020-11-17 11:15:00","2020-11-30 12:59:59","1","2"
"242","1181207","1","2020-11-17 11:15:00","2020-11-30 12:59:59","0","99"
"243","198174","3","2020-12-01 00:00:00","2020-12-07 23:59:59","1","1"
"244","198174","1","2020-12-09 13:15:00","2020-12-16 12:59:59","1","2"
"245","198174","3","2020-12-09 13:15:00","2020-12-16 12:59:59","1","1"
"246","198174","3","2020-12-16 13:15:00","2020-12-28 12:59:59","1","1"
"247","198174","1","2020-12-16 13:15:00","2020-12-28 12:59:59","1","2"
"248","198174","1","2020-12-28 13:15:00","2021-01-12 12:59:59","1","2"
"249","198174","3","2020-12-28 13:15:00","2021-01-12 12:59:59","1","1"
"250","1181433","1","2020-12-28 13:15:00","2021-01-12 12:59:59","0","100"
"251","198174","3","2021-01-01 00:00:00","2021-01-07 23:59:59","1","1"
"252","198174","3","2020-12-25 13:15:00","2020-12-28 12:59:59","1","1"
"253","198174","3","2021-01-12 13:15:00","2021-01-18 23:59:59","1","1"
"254","198499","1","2021-01-12 13:15:00","2021-01-18 23:59:59","0","5"
"255","198174","3","2021-01-19 13:15:00","2021-01-28 12:59:59","1","1"
"256","198174","1","2021-01-19 13:15:00","2021-01-28 12:59:59","1","2"
"257","198174","3","2021-01-28 13:15:00","2021-02-09 23:59:59","1","2"
"258","198174","1","2021-01-28 13:15:00","2021-02-09 23:59:59","1","4"
"259","198174","3","2021-01-30 00:00:00","2021-02-05 23:59:59","1","1"
"260","198174","1","2021-02-02 12:00:00","2021-02-09 23:59:59","1","3"
"261","198174","3","2021-02-10 13:15:00","2021-02-25 12:59:59","1","2"
"262","198174","1","2021-02-10 13:15:00","2021-02-25 12:59:59","1","3"
"263","198174","3","2021-02-11 00:00:00","2021-02-17 23:59:59","1","1"
"264","198174","3","2021-02-23 00:00:00","2021-03-01 23:59:59","1","1"
"265","198174","3","2021-02-25 13:15:00","2021-03-03 23:59:59","1","2"
"266","1181636","1","2021-03-01 04:00:00","2021-03-31 23:59:59","0","99"
"267","198174","3","2021-03-11 13:15:00","2021-03-25 12:59:59","1","2"
"268","198174","1","2021-03-11 13:15:00","2021-03-25 12:59:59","1","3"
"269","198174","3","2021-03-24 00:00:00","2021-03-30 23:59:59","1","1"
"270","198174","1","2021-04-01 13:15:00","2021-04-15 12:59:59","1","3"
"271","199057","1","2021-03-25 13:15:00","2021-04-01 12:59:59","1","99"
"272","198174","3","2021-03-31 00:00:00","2021-04-06 23:59:59","1","1"
"273","1181752","1","2021-04-01 00:00:00","2021-04-01 23:59:59","1","99"
"274","198174","3","2021-04-01 13:15:00","2021-04-15 12:59:59","1","2"
"275","198174","1","2021-04-15 13:15:00","2021-04-21 23:59:59","1","5"
"276","198174","3","2021-04-16 00:00:00","2021-04-22 23:59:59","1","1"
"277","198174","3","2021-04-23 00:00:00","2021-04-29 23:59:59","1","1"
"278","198174","3","2021-04-28 13:15:00","2021-05-06 12:59:59","1","2"
"279","198174","1","2021-04-28 13:15:00","2021-05-06 12:59:59","1","5"
"280","198174","3","2021-05-05 00:00:00","2021-05-11 23:59:59","1","1"
"281","198499","1","2021-05-06 13:15:00","2021-05-12 23:59:59","0","5"
"282","198174","3","2021-05-13 13:15:00","2021-05-27 12:59:59","1","2"
"283","198174","1","2021-05-13 13:15:00","2021-05-27 12:59:59","1","3"
"284","199057","1","2021-05-20 13:15:00","2021-05-27 12:59:59","1","99"
"285","198174","3","2021-05-25 00:00:00","2021-05-31 23:59:59","1","1"
"286","198174","1","2021-05-27 13:15:00","2021-06-10 12:59:59","1","5"
"287","198174","3","2021-05-27 13:15:00","2021-06-10 12:59:59","1","2"
"288","198174","3","2021-06-06 00:00:00","2021-06-12 23:59:59","1","1"
"289","198174","3","2021-06-03 13:15:00","2021-06-10 12:59:59","1","3"
"290","198174","1","2021-06-10 13:15:00","2021-06-17 12:59:59","1","5"
"291","198174","3","2021-06-10 13:15:00","2021-06-17 12:59:59","1","2"
"292","198174","1","2021-06-17 13:15:00","2021-06-23 23:59:59","1","5"
"293","198174","3","2021-06-17 13:15:00","2021-06-23 23:59:59","1","2"
"294","198174","3","2021-06-25 00:00:00","2021-07-01 23:59:59","1","1"
"295","198174","3","2021-06-24 13:15:00","2021-07-01 03:59:59","1","3"
"296","198174","1","2021-06-24 13:15:00","2021-07-01 03:59:59","1","5"
"297","198174","3","2021-07-07 00:00:00","2021-07-13 23:59:59","1","1"
"298","198174","3","2021-07-01 13:15:00","2021-07-09 03:59:59","1","2"
"299","1182070","1","2021-07-01 13:15:00","2021-07-09 03:59:59","0","99"
"300","198174","1","2021-07-01 13:15:00","2021-07-09 03:59:59","1","5"
"301","198174","1","2021-07-14 13:15:00","2021-07-28 12:59:59","1","3"
"302","198174","3","2021-07-14 13:15:00","2021-07-28 12:59:59","1","2"
"303","1182101","1","2021-07-14 13:15:00","2021-07-28 12:59:59","1","99"
"304","198174","3","2021-07-31 00:00:00","2021-08-06 23:59:59","1","3"
"305","1182146","1","2021-07-28 13:15:00","2021-08-03 23:59:59","1","99"
"306","198174","1","2021-08-04 13:15:00","2021-08-20 12:59:59","1","5"
"307","198174","3","2021-08-04 13:15:00","2021-08-20 12:59:59","1","4"
"308","198174","3","2021-08-05 00:00:00","2021-08-11 23:59:59","1","2"
"309","199057","1","2021-08-12 13:15:00","2021-08-20 12:59:59","1","99"
"310","198174","3","2021-08-19 00:00:00","2021-08-25 23:59:59","1","3"
"311","1182215","1","2021-08-20 13:15:00","2021-09-02 23:59:59","1","99"
"312","198174","1","2021-08-20 13:15:00","2021-09-02 23:59:59","1","5"
"313","198174","3","2021-08-20 13:15:00","2021-09-02 23:59:59","1","1"
"314","198174","3","2021-08-20 13:15:00","2021-09-02 23:59:59","1","2"
"315","198174","3","2021-09-03 00:00:00","2021-09-09 23:59:59","1","2"
"316","198499","1","2021-09-09 13:15:00","2021-09-15 23:59:59","0","5"
"317","198174","3","2021-09-09 13:15:00","2021-09-15 23:59:59","1","3"
"318","198174","3","2021-09-15 00:00:00","2021-09-21 23:59:59","1","1"
"319","198174","1","2021-09-16 13:15:00","2021-09-24 03:59:59","1","5"
"320","198174","3","2021-09-20 00:00:00","2021-09-26 23:59:59","1","2"
"321","1182347","1","2021-09-24 13:15:00","2021-10-03 12:59:59","0","5"
"322","198174","3","2021-09-24 13:15:00","2021-10-03 12:59:59","1","3"
"323","198174","1","2021-10-03 13:00:00","2021-10-14 12:59:59","1","5"
"324","1181433","1","2021-10-03 13:00:00","2021-10-14 12:59:59","0","99"
"325","198174","3","2021-10-03 13:00:00","2021-10-14 12:59:59","1","3"
"326","198174","3","2021-10-03 13:00:00","2021-10-14 12:59:59","1","4"
"327","198174","1","2021-10-14 13:00:00","2021-10-22 03:59:59","1","5"
"328","198174","3","2021-10-15 00:00:00","2021-10-21 23:59:59","1","2"
"329","198174","1","2021-10-22 13:15:00","2021-11-02 03:59:59","1","5"
"330","198174","3","2021-10-22 13:15:00","2021-11-02 03:59:59","1","3"
"331","198174","3","2021-10-24 00:00:00","2021-11-02 03:59:59","1","1"
"332","198174","1","2021-11-02 11:15:00","2021-11-17 10:59:59","1","5"
"333","1182551","1","2021-11-02 11:15:00","2021-11-17 10:59:59","1","99"
"334","198174","3","2021-11-02 11:15:00","2021-11-17 10:59:59","1","3"
"335","198174","1","2021-11-09 13:15:00","2021-11-17 10:59:59","1","6"
"336","1182599","5","2021-11-19 00:00:00","2021-11-26 23:59:59","1","99"
"337","198174","3","2021-11-19 00:00:00","2021-11-25 23:59:59","1","1"
"338","198174","1","2021-11-17 11:15:00","2021-12-02 12:59:59","1","5"
"339","198174","3","2021-11-17 11:15:00","2021-12-02 12:59:59","1","3"
"340","1182699","5","2021-12-01 00:00:00","2021-12-08 23:59:59","1","99"
"341","198174","3","2021-12-01 00:00:00","2021-12-07 23:59:59","1","1"
"342","198174","1","2021-12-02 13:15:00","2021-12-16 12:59:59","1","6"
"343","198174","3","2021-12-02 13:15:00","2021-12-16 12:59:59","1","3"
"344","198174","1","2021-12-09 13:15:00","2021-12-16 12:59:59","1","9"
"345","1182755","1","2021-12-09 13:15:00","2021-12-16 12:59:59","1","99"
"346","198174","1","2021-12-16 13:15:00","2021-12-29 12:59:59","1","50"
"347","198174","3","2021-12-16 13:15:00","2021-12-29 12:59:59","1","3"
"348","1182804","5","2021-12-22 00:00:00","2021-12-29 23:59:59","1","99"
"349","198174","3","2021-12-22 00:00:00","2021-12-28 23:59:59","1","1"
"350","198174","3","2021-12-29 13:15:00","2022-01-13 12:59:59","1","2"
"351","198174","1","2021-12-29 13:15:00","2022-01-13 12:59:59","1","50"
"352","1179839","1","2021-12-29 13:15:00","2022-01-13 12:59:59","1","101"
"353","1182814","5","2022-01-01 00:00:00","2022-01-08 23:59:59","1","100"
"354","198174","3","2022-01-01 00:00:00","2022-01-07 23:59:59","1","1"
"355","198174","3","2022-01-01 00:00:00","2022-01-13 12:59:59","1","3"
"356","1182347","1","2022-01-06 13:00:00","2022-01-13 12:59:59","0","102"
"357","1182850","6","2021-12-24 00:00:00","2022-02-21 23:59:59","1","20"
"358","1182850","6","2021-12-24 00:00:00","2022-02-21 23:59:59","1","21"
"359","198174","1","2022-01-19 22:00:00","2022-01-28 10:59:59","1","50"
"360","198499","1","2022-01-13 13:15:00","2022-01-18 23:59:59","0","99"
"361","198174","3","2022-01-13 13:15:00","2022-01-18 23:59:59","1","3"
"362","198174","3","2022-01-19 22:00:00","2022-01-28 10:59:59","1","2"
"363","1183038","5","2022-01-30 00:00:00","2022-02-06 23:59:59","1","100"
"364","198174","3","2022-01-30 00:00:00","2022-02-05 23:59:59","1","1"
"365","198174","1","2022-01-28 11:15:00","2022-02-10 12:59:59","1","5"
"366","1183074","1","2022-02-03 13:15:00","2022-02-10 12:59:59","1","99"
"367","198174","3","2022-01-28 11:15:00","2022-02-10 12:59:59","1","3"
"368","1183079","5","2022-02-11 00:00:00","2022-02-18 23:59:59","1","100"
"369","198174","3","2022-02-11 00:00:00","2022-02-17 23:59:59","1","1"
"370","198174","1","2022-02-10 13:15:00","2022-02-24 12:59:59","1","50"
"371","198174","3","2022-02-10 13:15:00","2022-02-24 12:59:59","1","3"
"372","1183125","1","2022-02-17 13:15:00","2022-02-24 12:59:59","1","100"
"373","1183137","5","2022-02-23 00:00:00","2022-03-02 23:59:59","1","100"
"374","198174","3","2022-02-23 00:00:00","2022-03-01 23:59:59","1","1"
"375","198174","1","2022-02-24 13:15:00","2022-03-03 12:59:59","1","50"
"376","198174","3","2022-02-24 13:15:00","2022-03-03 12:59:59","1","2"
"377","198174","3","2022-03-03 13:15:00","2022-03-09 23:59:59","1","2"
"378","198174","1","2022-03-03 13:15:00","2022-03-10 12:59:59","1","50"
"379","1181636","1","2022-03-03 13:15:00","2022-04-04 03:59:59","0","99"
"380","198174","1","2022-03-10 13:15:00","2022-03-17 12:59:59","1","50"
"381","198174","1","2022-03-17 13:15:00","2022-03-23 12:59:59","1","50"
"382","198174","3","2022-03-17 13:15:00","2022-03-29 12:59:59","1","2"
"383","198174","1","2022-03-23 13:15:00","2022-03-29 12:59:59","1","50"
"384","1183258","5","2022-03-24 00:00:00","2022-03-31 23:59:59","1","100"
"385","198174","3","2022-03-24 00:00:00","2022-03-30 23:59:59","1","1"
"386","198174","1","2022-03-29 13:15:00","2022-04-05 03:59:59","1","50"
"387","1183263","5","2022-03-31 00:00:00","2022-04-07 23:59:59","1","100"
"388","198174","3","2022-03-31 00:00:00","2022-04-06 23:59:59","1","1"
"389","198174","1","2022-04-04 14:15:00","2022-04-21 12:59:59","1","49"
"390","198174","3","2022-04-04 14:15:00","2022-04-21 12:59:59","1","3"
"391","1183294","1","2022-04-04 14:15:00","2022-04-21 12:59:59","1","99"
"392","1183306","5","2022-04-16 00:00:00","2022-04-23 23:59:59","1","100"
"393","198174","3","2022-04-16 00:00:00","2022-04-22 23:59:59","1","1"
"394","198174","1","2022-04-21 13:15:00","2022-04-28 03:59:59","1","50"
"395","198174","3","2022-04-28 13:15:00","2022-05-13 12:59:59","1","3"
"396","198174","3","2022-04-28 13:15:00","2022-05-13 12:59:59","1","4"
"397","198174","1","2022-04-28 13:15:00","2022-05-13 12:59:59","1","49"
"398","198174","1","2022-04-28 13:15:00","2022-05-06 12:59:59","1","50"
"399","1182347","1","2022-04-28 13:15:00","2022-05-13 12:59:59","0","99"
"400","198174","1","2022-05-06 13:00:00","2022-05-13 12:59:59","1","50"
"401","1183354","5","2022-04-23 00:00:00","2022-04-30 23:59:59","1","100"
"402","198174","3","2022-04-23 00:00:00","2022-04-29 23:59:59","1","1"
"403","1183355","5","2022-05-05 00:00:00","2022-05-12 23:59:59","1","100"
"404","198174","3","2022-05-05 00:00:00","2022-05-11 23:59:59","1","1"
"405","198499","1","2022-05-13 13:15:00","2022-05-17 23:59:59","0","99"
"406","198174","3","2022-05-13 13:15:00","2022-05-17 23:59:59","1","3"
"407","198174","1","2022-05-24 13:15:00","2022-06-08 12:59:59","1","50"
"408","198174","3","2022-05-24 13:15:00","2022-06-08 12:59:59","1","3"
"409","1183441","5","2022-05-18 13:15:00","2022-05-24 12:59:59","1","98"
"410","1179839","1","2022-05-24 13:15:00","2022-06-08 12:59:59","1","101"
"411","198174","1","2022-06-01 13:15:00","2022-06-08 12:59:59","1","51"
"412","1183474","5","2022-05-25 00:00:00","2022-06-01 23:59:59","1","100"
"413","198174","3","2022-05-25 00:00:00","2022-05-31 23:59:59","1","1"
"414","1183561","5","2022-06-06 00:00:00","2022-06-13 23:59:59","1","100"
"415","198174","3","2022-06-06 00:00:00","2022-06-12 23:59:59","1","1"
"416","198174","1","2022-06-08 13:15:00","2022-06-16 11:59:59","1","50"
"417","1183582","5","2022-06-18 00:00:00","2022-06-25 23:59:59","1","100"
"418","198174","3","2022-06-18 00:00:00","2022-06-24 23:59:59","1","1"
"419","1183586","1","2022-06-23 12:15:00","2022-06-29 11:59:59","1","101"
"420","1183596","5","2022-06-25 00:00:00","2022-07-02 23:59:59","1","100"
"421","198174","3","2022-06-25 00:00:00","2022-07-01 23:59:59","1","1"
"422","198174","3","2022-06-29 12:15:00","2022-07-14 11:59:59","1","3"
"423","198174","1","2022-06-29 12:15:00","2022-07-14 11:59:59","1","50"
"424","198174","1","2022-07-06 12:15:00","2022-07-14 11:59:59","1","51"
"425","1183775","5","2022-07-07 00:00:00","2022-07-14 23:59:59","1","100"
"426","198174","3","2022-07-07 00:00:00","2022-07-13 23:59:59","1","1"
"427","198174","3","2022-07-14 12:15:00","2022-07-28 11:59:59","1","3"
"428","198174","1","2022-07-14 12:15:00","2022-07-28 11:59:59","1","6"
"429","1183886","1","2022-07-21 12:15:00","2022-07-28 11:59:59","1","99"
"430","198174","1","2022-07-28 12:15:00","2022-08-09 23:59:59","1","6"
"431","1183903","1","2022-07-28 12:15:00","2022-08-10 03:59:59","0","99"
"432","198174","3","2022-07-28 12:15:00","2022-08-09 23:59:59","1","3"
"433","1183916","5","2022-07-31 00:00:00","2022-08-07 23:59:59","1","101"
"434","198174","3","2022-07-31 00:00:00","2022-08-06 23:59:59","1","2"
"435","1183980","5","2022-08-05 00:00:00","2022-08-12 23:59:59","1","100"
"436","198174","3","2022-08-05 00:00:00","2022-08-11 23:59:59","1","1"
"437","1183995","1","2022-08-10 12:15:00","2022-08-18 11:59:59","1","99"
"438","198174","3","2022-08-10 12:15:00","2022-08-18 11:59:59","1","3"
"439","1184000","5","2022-08-19 00:00:00","2022-08-26 23:59:59","1","100"
"440","198174","3","2022-08-19 00:00:00","2022-08-25 23:59:59","1","3"
"441","198174","3","2022-08-18 12:15:00","2022-08-25 11:59:59","1","5"
"442","198174","1","2022-08-24 14:15:00","2022-09-08 11:59:59","1","49"
"443","198174","3","2022-08-24 14:15:00","2022-09-08 11:59:59","1","1"
"444","1184022","1","2022-08-25 12:00:00","2022-09-08 11:59:59","1","99"
"445","1184023","1","2022-08-25 12:00:00","2022-09-08 11:59:59","1","99"
"446","1184036","5","2022-09-03 00:00:00","2022-09-10 23:59:59","1","100"
"447","198174","3","2022-09-03 00:00:00","2022-09-09 23:59:59","1","1"
"448","198174","1","2022-09-08 12:15:00","2022-09-18 11:59:59","1","50"
"449","198174","1","2022-09-18 12:00:00","2022-09-29 11:59:59","1","49"
"450","198174","3","2022-09-18 12:00:00","2022-09-29 11:59:59","1","3"
"451","1376258","1","2022-09-18 12:00:00","2022-09-29 11:59:59","1","99"
"452","1184090","5","2022-09-15 00:00:00","2022-09-22 23:59:59","1","100"
"453","198174","3","2022-09-15 00:00:00","2022-09-21 23:59:59","1","2"
"454","1376257","5","2022-09-20 00:00:00","2022-09-27 23:59:59","1","100"
"455","198174","3","2022-09-20 00:00:00","2022-09-26 23:59:59","1","1"
"456","1184072","1","2022-09-18 12:00:00","2022-09-29 11:59:59","1","99"
"457","198174","3","2022-09-29 12:15:00","2022-10-13 11:59:59","1","3"
"458","198174","1","2022-09-29 12:15:00","2022-10-13 11:59:59","1","49"
"459","1376273","1","2022-09-29 12:15:00","2022-10-13 11:59:59","1","99"
"460","1376274","1","2022-10-06 12:15:00","2022-10-13 11:59:59","1","100"
"461","198174","3","2022-10-13 12:15:00","2022-10-20 11:59:59","1","5"
"462","198174","1","2022-10-13 12:15:00","2022-10-20 11:59:59","1","49"
"463","1376278","5","2022-10-15 00:00:00","2022-10-22 23:59:59","1","100"
"464","198174","3","2022-10-15 00:00:00","2022-10-21 23:59:59","1","1"
"465","198174","3","2022-10-20 12:15:00","2022-11-03 23:59:59","1","3"
"466","198174","1","2022-10-20 12:15:00","2022-10-27 11:59:59","1","49"
"467","1376293","5","2022-10-24 00:00:00","2022-10-31 23:59:59","1","100"
"468","198174","3","2022-10-24 00:00:00","2022-10-30 23:59:59","1","1"
"469","198174","1","2022-10-27 12:15:00","2022-11-03 23:59:59","1","49"
"470","198174","3","2022-11-04 12:15:00","2022-11-16 09:59:59","1","3"
"471","198174","1","2022-11-04 12:15:00","2022-11-16 09:59:59","1","49"
"472","198174","1","2022-11-10 12:15:00","2022-11-30 11:59:59","1","50"
"473","1376320","5","2022-11-19 00:00:00","2022-11-26 23:59:59","1","99"
"474","198174","3","2022-11-19 00:00:00","2022-11-25 23:59:59","1","2"
"475","198174","1","2022-11-16 10:15:00","2022-11-30 11:59:59","1","49"
"476","198174","3","2022-11-16 10:15:00","2022-11-30 11:59:59","1","3"
"477","198174","1","2022-11-30 12:15:00","2022-12-15 11:59:59","1","49"
"478","198174","3","2022-11-30 12:15:00","2022-12-15 11:59:59","1","3"
"479","1376335","5","2022-12-01 00:00:00","2022-12-08 23:59:59","1","100"
"480","198174","3","2022-12-01 00:00:00","2022-12-07 23:59:59","1","2"
"481","1376336","5","2022-12-06 00:00:00","2022-12-13 23:59:59","1","99"
"482","198174","3","2022-12-06 00:00:00","2022-12-12 23:59:59","1","1"
"483","1376337","1","2022-12-08 12:15:00","2022-12-15 11:59:59","1","100"
"484","198174","3","2022-12-15 12:15:00","2022-12-28 11:59:59","1","4"
"485","198174","1","2022-12-15 12:15:00","2022-12-28 11:59:59","1","49"
"486","198174","3","2022-12-28 12:15:00","2023-01-12 11:59:59","1","3"
"487","198174","1","2022-12-28 12:15:00","2023-01-05 11:59:59","1","50"
"488","1179839","1","2022-12-28 12:15:00","2023-01-12 11:59:59","1","106"
"489","1376344","5","2023-01-01 00:00:00","2023-01-08 23:59:59","1","99"
"490","198174","3","2023-01-01 00:00:00","2023-01-07 23:59:59","1","2"
"491","198174","3","2023-01-01 00:00:00","2023-01-12 11:59:59","1","4"
"492","198174","1","2023-01-05 12:00:00","2023-01-12 11:59:59","1","50"
"493","1376348","1","2023-01-05 12:00:00","2023-01-12 11:59:59","1","105"
"494","1376349","5","2022-12-22 00:00:00","2022-12-29 23:59:59","1","100"
"495","198174","3","2022-12-22 00:00:00","2022-12-28 23:59:59","1","2"
"496","1376350","5","2022-12-28 12:15:00","2023-01-12 11:59:59","1","104"
"497","1376351","5","2023-01-12 12:15:00","2023-01-18 11:59:59","1","100"
"498","198499","1","2023-01-18 12:15:00","2023-01-22 23:59:59","0","99"
"499","198174","3","2023-01-18 12:15:00","2023-01-26 11:59:59","1","3"
"500","198174","1","2023-01-26 12:15:00","2023-02-02 11:59:59","1","49"
"501","1376355","5","2023-01-30 00:00:00","2023-02-06 23:59:59","1","99"
"502","198174","3","2023-01-30 00:00:00","2023-02-05 23:59:59","1","2"
"503","198174","1","2023-02-02 12:15:00","2023-02-16 11:59:59","1","50"
"504","198174","3","2023-02-02 12:15:00","2023-02-16 11:59:59","1","3"
"505","198174","3","2023-01-26 12:15:00","2023-02-02 11:59:59","1","3"
"506","1376359","5","2023-02-11 00:00:00","2023-02-18 23:59:59","1","99"
"507","198174","3","2023-02-11 00:00:00","2023-02-17 23:59:59","1","2"
"508","1376360","1","2023-02-16 12:15:00","2023-02-22 11:59:59","1","100"
"509","198174","1","2023-02-21 14:15:00","2023-03-09 11:59:59","1","49"
"510","198174","3","2023-02-21 14:15:00","2023-03-09 11:59:59","1","2"
"511","1376367","5","2023-02-23 00:00:00","2023-03-02 23:59:59","1","99"
"512","198174","3","2023-02-23 00:00:00","2023-03-01 23:59:59","1","1"
"513","1376368","1","2023-03-02 12:15:00","2023-03-09 11:59:59","1","100"
"514","1376369","5","2023-03-03 00:00:00","2023-03-10 23:59:59","1","99"
"515","198174","3","2023-03-03 00:00:00","2023-03-09 23:59:59","1","1"
"516","198174","1","2023-03-09 12:15:00","2023-03-16 11:59:59","1","49"
"517","198174","1","2023-03-22 12:15:00","2023-03-29 11:59:59","1","30"
"518","1376376","5","2023-03-16 12:15:00","2023-03-21 23:59:59","1","100"
"519","198174","1","2023-03-29 12:15:00","2023-04-13 11:59:59","1","49"
"520","198174","3","2023-03-29 12:15:00","2023-04-13 11:59:59","1","3"
"521","198174","3","2023-03-22 12:15:00","2023-03-29 11:59:59","1","3"
"522","1376391","5","2023-03-24 00:00:00","2023-03-31 23:59:59","1","102"
"523","198174","3","2023-03-24 00:00:00","2023-03-30 23:59:59","1","1"
"524","1179839","1","2023-03-29 12:15:00","2023-04-13 11:59:59","1","103"
"525","1376392","5","2023-03-31 00:00:00","2023-04-07 23:59:59","1","101"
"526","198174","3","2023-03-31 00:00:00","2023-04-06 23:59:59","1","1"
"527","1376393","1","2023-03-29 12:15:00","2023-04-13 11:59:59","1","100"
"528","198174","3","2023-04-13 12:15:00","2023-04-27 11:59:59","1","3"
"529","198174","1","2023-04-13 12:15:00","2023-04-27 11:59:59","1","49"
"530","1376408","5","2023-04-16 00:00:00","2023-04-23 23:59:59","1","101"
"531","198174","3","2023-04-16 00:00:00","2023-04-22 23:59:59","1","1"
"532","198174","3","2023-04-27 12:15:00","2023-05-11 11:59:59","1","4"
"533","1376409","1","2023-04-27 12:15:00","2023-05-11 11:59:59","1","103"
"534","198174","1","2023-04-27 12:15:00","2023-05-04 11:59:59","1","49"
"535","198174","1","2023-05-04 12:00:00","2023-05-11 11:59:59","1","49"
"536","1376416","1","2023-04-20 10:15:00","2023-04-27 11:59:59","1","105"
"537","1376417","5","2023-04-23 00:00:00","2023-04-30 23:59:59","1","100"
"538","198174","3","2023-04-23 00:00:00","2023-04-29 23:59:59","1","1"
"539","1376418","5","2023-05-05 00:00:00","2023-05-12 23:59:59","1","100"
"540","198174","3","2023-05-05 00:00:00","2023-05-11 23:59:59","1","1"
"541","198174","1","2023-05-11 12:15:00","2023-05-19 11:59:59","1","49"
"542","198174","3","2023-05-11 12:15:00","2023-05-19 11:59:59","1","4"
"543","1376422","5","2023-05-19 12:15:00","2023-05-26 09:59:59","1","103"
"544","1376426","5","2023-05-25 00:00:00","2023-06-01 23:59:59","1","100"
"545","198174","3","2023-05-25 00:00:00","2023-05-31 23:59:59","1","1"
"546","198174","1","2023-05-26 10:15:00","2023-06-08 11:59:59","1","49"
"547","198174","3","2023-05-26 10:15:00","2023-06-08 11:59:59","1","4"
"548","1376430","5","2023-06-06 00:00:00","2023-06-13 23:59:59","1","100"
"549","198174","3","2023-06-06 00:00:00","2023-06-12 23:59:59","1","1"
"550","198174","1","2023-06-01 12:15:00","2023-06-08 11:59:59","1","50"
"551","198174","1","2023-06-08 12:15:00","2023-06-15 11:59:59","1","50"
"552","1376434","5","2023-06-08 12:15:00","2023-06-12 23:59:59","1","103"
"553","198174","3","2023-06-08 12:15:00","2023-06-15 11:59:59","1","3"
