"1","121","36436","0"
"2","121","36437","0"
"3","121","36438","0"
"4","121","36439","0"
"5","121","36441","0"
"6","133","36658","0"
"7","133","36659","0"
"8","133","36660","0"
"9","133","36661","0"
"10","133","36662","0"
"11","133","36663","0"
"12","149","36829","0"
"13","149","36830","0"
"14","149","36831","0"
"15","149","36832","0"
"16","149","36833","0"
"17","149","36834","0"
"18","177","37325","0"
"19","177","37326","0"
"20","177","37327","0"
"21","177","37328","0"
"22","177","37329","0"
"23","177","37330","0"
"24","193","37552","0"
"25","193","37553","0"
"26","193","37554","0"
"27","193","37555","0"
"28","193","37556","0"
"29","193","37557","0"
